SSBB,MLBAM,team,firstName,lastName,1B,2B,3B,SS,OF,osbAL,ocsAL,osbNL,ocsNL,BAvR,OBvR,SLvR,BAvL,OBvL,SLvL
1,664285,Hou,Framber,Valdez,,,,,,,,,,,,,,,
2,543037,NYA,Gerrit,Cole,,,,,,,,,,,,,,,
3,669456,Cle,Shane,Bieber,,,,,,,,,,,,,,,
4,666201,Tor,Alek,Manoah,,,,,,,,,,,,,,,
5,527048,Tex,Martin,Perez,,,,,,,,,,,,,,,
6,663474,Cle,Triston,McKenzie,,,,,,,,,,,,,,,
7,592662,Sea,Robbie,Ray,,,,,,,,,,,,,,,
8,615698,Cle,Cal,Quantrill,,,,,,,,,,,,,,,
9,669302,Sea,Logan,Gilbert,,,,,,,,,,,,,,,
10,656302,ChA,Dylan,Cease,,,,,,,,,,,,,,,
11,594835,Sea,Marco,Gonzales,,,,,,,,,,,,,,,
12,605135,Tor,Chris,Bassitt,,,,,,,,,,,,,,,
13,608344,Bal,Cole,Irvin,,,,,,,,,,,,,,,
14,641154,Min,Pablo,Lopez,,,,,,,,,,,,,,,
15,601713,Bos,Nick,Pivetta,,,,,,,,,,,,,,,
16,543475,KC,Jordan,Lyles,,,,,,,,,,,,,,,
17,542881,LAA,Tyler,Anderson,,,,,,,,,,,,,,,
18,607074,NYA,Carlos,Rodon,,,,,,,,,,,,,,,
19,592332,Tor,Kevin,Gausman,,,,,,,,,,,,,,,
20,621244,Tor,Jose,Berrios,,,,,,,,,,,,,,,
21,502043,Bal,Kyle,Gibson,,,,,,,,,,,,,,,
22,663556,TB,Shane,McClanahan,,,,,,,,,,,,,,,
23,660271,LAA,Shohei,Ohtani-P,,,,,,,,,,,,,,,
24,664353,Hou,Jose,Urquidy,,,,,,,,,,,,,,,
25,446372,Bos,Corey,Kluber,,,,,,,,,,,,,,,
26,608337,ChA,Lucas,Giolito,,,,,,,,,,,,,,,
27,641482,NYA,Nestor,Cortes,,,,,,,,,,,,,,,
28,677651,Hou,Luis,Garcia(Hou),,,,,,,,,,,,,,,
29,663903,KC,Brady,Singer,,,,,,,,,,,,,,,
30,641540,Tex,Dane,Dunning,,,,,,,,,,,,,,,
31,622491,Sea,Luis,Castillo(Sea),,,,,,,,,,,,,,,
32,663776,LAA,Patrick,Sandoval,,,,,,,,,,,,,,,
33,664299,Hou,Cristian,Javier,,,,,,,,,,,,,,,
34,657746,Min,Joe,Ryan,,,,,,,,,,,,,,,
35,656876,TB,Drew,Rasmussen,,,,,,,,,,,,,,,
36,593423,NYA,Frankie(hurt!),Montas,,,,,,,,,,,,,,,
37,641745,KC,Brad,Keller,,,,,,,,,,,,,,,
38,623167,Sea,Chris,Flexen,,,,,,,,,,,,,,,
39,657248,Tex,Glenn,Otto,,,,,,,,,,,,,,,
40,605488,TB,Jeffrey,Springs,,,,,,,,,,,,,,,
41,621076,Oak,James,Kaprielian,,,,,,,,,,,,,,,
42,668676,Cle,Zach,Plesac,,,,,,,,,,,,,,,
43,663738,KC,Daniel,Lynch,,,,,,,,,,,,,,,
44,669923,Sea,George,Kirby,,,,,,,,,,,,,,,
45,663460,KC,Kris,Bubic,,,,,,,,,,,,,,,
46,672282,LAA,Reid,Detmers,,,,,,,,,,,,,,,
47,592351,Tex,Jon,Gray(Tex),,,,,,,,,,,,,,,
48,665152,Bal,Dean,Kremer,,,,,,,,,,,,,,,
49,458681,ChA,Lance,Lynn,,,,,,,,,,,,,,,
50,605507,Tor,Zach,Thompson,,,,,,,,,,,,,,,
51,641816,Min,Tyler,Mahle,,,,,,,,,,,,,,,
52,543243,Min,Sonny,Gray,,,,,,,,,,,,,,,
53,656629,ChA,Michael,Kopech,,,,,,,,,,,,,,,
54,680694,Bal,Kyle,Bradish,,,,,,,,,,,,,,,
55,605182,ChA,Mike,Clevinger,,,,,,,,,,,,,,,
56,621112,Oak,Paul,Blackburn,,,,,,,,,,,,,,,
57,543135,Tex,Nathan,Eovaldi,,,,,,,,,,,,,,,
58,660761,LAA,Jose,Suarez,,,,,,,,,,,,,,,
59,543606,Tex,Jake,Odorizzi,,,,,,,,,,,,,,,
60,657093,Bal,Spenser,Watkins,,,,,,,,,,,,,,,
61,669169,KC,Jonathan,Heasley,,,,,,,,,,,,,,,
62,669330,Bal,Tyler,Wells,,,,,,,,,,,,,,,
63,622663,NYA,Luis,Severino,,,,,,,,,,,,,,,
64,608723,Bal,Austin,Voth,,,,,,,,,,,,,,,
65,641302,Det,Tyler,Alexander,,,,,,,,,,,,,,,
66,579328,Tor,Yusei,Kikuchi,,,,,,,,,,,,,,,
67,621368,Tex,Taylor,Hearn,,,,,,,,,,,,,,,
68,669952,Tor,Mitch,White,,,,,,,,,,,,,,,
69,547179,Det,Michael,Lorenzen,,,,,,,,,,,,,,,
70,650644,Cle,Aaron,Civale,,,,,,,,,,,,,,,
71,593958,Det,Eduardo,Rodriguez,,,,,,,,,,,,,,,
72,669211,Bal,Keegan,Akin,,,,,,,,,,,,,,,
73,689225,Det,Beau,Brieske,,,,,,,,,,,,,,,
74,642232,KC,Ryan,Yarbrough,,,,,,,,,,,,,,,
75,642545,LAA,Jaime,Barria,,,,,,,,,,,,,,,
76,676477,Bos,Garrett,Whitlock,,,,,,,,,,,,,,,
77,676710,Bos,Kutter,Crawford,,,,,,,,,,,,,,,
78,621107,TB,Zach,Eflin,,,,,,,,,,,,,,,
79,670124,Oak,Adam,Oller,,,,,,,,,,,,,,,
80,669145,Bal,Bruce,Zimmermann,,,,,,,,,,,,,,,
81,571760,Tex,Andrew,Heaney,,,,,,,,,,,,,,,
82,593334,NYA,Domingo,German,,,,,,,,,,,,,,,
83,670174,Bos,Josh,Winckowski,,,,,,,,,,,,,,,
84,676664,Oak,JP,Sears,,,,,,,,,,,,,,,
85,641329,Bal,Bryan,Baker,,,,,,,,,,,,,,,
86,682171,Sea,Penn,Murfee,,,,,,,,,,,,,,,
87,680739,Min,Josh,Winder,,,,,,,,,,,,,,,
88,625643,ChA,Reynaldo,Lopez,,,,,,,,,,,,,,,
89,594798,Tex,Jacob,deGrom,,,,,,,,,,,,,,,
90,663436,ChA,Davis,Martin,,,,,,,,,,,,,,,
91,666159,Det,Matt,Manning,,,,,,,,,,,,,,,
92,676684,Det,Will,Vest,,,,,,,,,,,,,,,
93,542888,TB,Shawn,Armstrong,,,,,,,,,,,,,,,
94,656222,TB,Jalen,Beeks,,,,,,,,,,,,,,,
95,682051,Det,Garrett,Hill,,,,,,,,,,,,,,,
96,656557,Bos,Tanner,Houck,,,,,,,,,,,,,,,
97,663455,Cle,Konnor,Pilkington,,,,,,,,,,,,,,,
98,657376,NYA,Clarke,Schmidt,,,,,,,,,,,,,,,
99,661309,Oak,Adrian,Martinez,,,,,,,,,,,,,,,
100,678394,Bos,Brayan,Bello,,,,,,,,,,,,,,,
101,672578,KC,CarlosE.,Hernandez,,,,,,,,,,,,,,,
102,641927,Min,Bailey,Ober,,,,,,,,,,,,,,,
103,656412,Det,Alex,Faedo,,,,,,,,,,,,,,,
104,656353,LAA,Tucker,Davidson,,,,,,,,,,,,,,,
105,650633,NYA,Michael,King,,,,,,,,,,,,,,,
106,665621,Det,Rony,Garcia,,,,,,,,,,,,,,,
107,666374,Sea,Matt,Brash,,,,,,,,,,,,,,,
108,681806,LAA,Andrew,Wantz,,,,,,,,,,,,,,,
109,621121,Hou,Lance,McCullers,,,,,,,,,,,,,,,
110,669424,ChA,Jimmy,Lambert,,,,,,,,,,,,,,,
111,663423,Tor,Trent,Thornton,,,,,,,,,,,,,,,
112,666142,Tex,Cole,Ragans,,,,,,,,,,,,,,,
113,666721,KC,Max,Castillo,,,,,,,,,,,,,,,
114,675921,Tex,Spencer,Howard,,,,,,,,,,,,,,,
115,676596,TB,Josh,Fleming,,,,,,,,,,,,,,,
116,686610,Oak,Ken,Waldichuk,,,,,,,,,,,,,,,
117,657508,Bal,Mike,Baumann,,,,,,,,,,,,,,,
118,666214,Det,Joey,Wentz,,,,,,,,,,,,,,,
119,663485,Min,Cole,Sands,,,,,,,,,,,,,,,
120,681217,LAA,Chase,Silseth,,,,,,,,,,,,,,,
121,686973,Min,Louie,Varland,,,,,,,,,,,,,,,
122,657053,Cle,Touki,Toussaint,,,,,,,,,,,,,,,
123,663752,Cle,Cody,Morris,,,,,,,,,,,,,,,
124,622250,Tex,Josh,Sborz,,,,,,,,,,,,,,,
125,686613,Hou,Hunter,Brown,,,,,,,,,,,,,,,
126,672715,TB,Luis,Patino,,,,,,,,,,,,,,,
127,642100,Sea,Gabe,Speier,,,,,,,,,,,,,,,
128,670955,Det,Edwin,Uceta,,,,,,,,,,,,,,,
129,663804,KC,Jackson,Kowar,,,,,,,,,,,,,,,
130,669084,Bal,DL,Hall,,,,,,,,,,,,,,,
131,571510,Det,Matthew,Boyd,,,,,,,,,,,,,,,
132,656232,Hou,Brandon,Bielak,,,,,,,,,,,,,,,
133,666205,Oak,Kyle,Muller,,,,,,,,,,,,,,,
134,656954,Sea,Justus,Sheffield,,,,,,,,,,,,,,,
135,678692,Min,Ronny,Henriquez,,,,,,,,,,,,,,,
136,672582,KC,Angel,Zerpa,,,,,,,,,,,,,,,
137,675540,Cle,Xzavion,Curry,,,,,,,,,,,,,,,
138,607644,Bal,John(out/until/6-23?),Means,,,,,,,,,,,,,,,
139,683769,Cle,Hunter,Gaddis,,,,,,,,,,,,,,,
140,630023,TB,Yonny,Chirinos,,,,,,,,,,,,,,,
141,669935,ChA,A.J.,Alexy,,,,,,,,,,,,,,,
142,607192,TB,Tyler,Glasnow,,,,,,,,,,,,,,,
143,519242,Bos,Chris,Sale,,,,,,,,,,,,,,,
144,680573,Min,Simeon,WoodsRichardson,,,,,,,,,,,,,,,
145,641672,Tor,Thomas,Hatch,,,,,,,,,,,,,,,
146,666619,ChA,Gregory,Santos,,,,,,,,,,,,,,,
147,681867,TB,Cooper,Criswell,,,,,,,,,,,,,,,
148,668834,Sea,Easton,McGee,,,,,,,,,,,,,,,
149,657514,Sea,Brennan,Bernardino,,,,,,,,,,,,,,,
150,666720,Tex,Yerry,Rodriguez,,,,,,,,,,,,,,,
151,676206,Oak,Freddy,Tarnok,,,,,,,,,,,,,,,
152,628317,Min,Kenta,Maeda,,,,,,,,,,,,,,,
153,572020,Bos,James,Paxton,,,,,,,,,,,,,,,
154,605513,Det,Spencer,Turnbull,,,,,,,,,,,,,,,
155,656288,LAA,Griffin,Canning,,,,,,,,,,,,,,,
156,665620,NYA,Deivi,Garcia,,,,,,,,,,,,,,,
157,663878,Tor,Nate,Pearson,,,,,,,,,,,,,,,
158,669735,LAA,Chris,Rodriguez,,,,,,,,,,,,,,,
159,680692,ChA,Jonathan,Stiever,,,,,,,,,,,,,,,
160,680570,Bal,Grayson,Rodriguez,,,,,,,,,,,,,,,
161,680723,Bal,Drew,Rom,,,,,,,,,,,,,,,
162,681555,Bal,Andrew,Politi,,,,,,,,,,,,,,,
163,667356,Bos,Bryan,Mata,,,,,,,,,,,,,,,
164,687888,Bos,Brandon,Walter,,,,,,,,,,,,,,,
165,696147,LAA,Sam,Bachman,,,,,,,,,,,,,,,
166,681066,LAA,Ky,Bush,,,,,,,,,,,,,,,
167,669721,LAA,Davis,Daniel,,,,,,,,,,,,,,,
168,690829,LAA,Ben(round/3/2022/MLB/draft),Joyce,,,,,,,,,,,,,,,
169,667755,LAA,Jose,Soriano,,,,,,,,,,,,,,,
170,691721,ChA,Jared,Kelley,,,,,,,,,,,,,,,
171,694195,ChA,Norge,Vera,,,,,,,,,,,,,,,
172,702273,ChA,Noah(round/1/2022/MLB/draft),Schultz,,,,,,,,,,,,,,,
173,688883,ChA,Peyton(round/2/2022/MLB/draft),Pallette,,,,,,,,,,,,,,,
174,691441,ChA,Cristian,Mena,,,,,,,,,,,,,,,
175,682982,Cle,Daniel(hurt),Espino,,,,,,,,,,,,,,,
176,671106,Cle,LoganT.,Allen(Cle),,,,,,,,,,,,,,,
177,668909,Cle,Gavin,Williams,,,,,,,,,,,,,,,
178,676282,Cle,Joey,Cantillo,,,,,,,,,,,,,,,
179,676440,Cle,Tanner,Bibee,,,,,,,,,,,,,,,
180,683235,Cle,Justin(round/1C/2022/MLB/draft),Campbell,,,,,,,,,,,,,,,
181,695549,Det,Jackson,Jobe,,,,,,,,,,,,,,,
182,680744,Det,Ty,Madden,,,,,,,,,,,,,,,
183,695865,Det,Wilmer,Flores(Det),,,,,,,,,,,,,,,
184,681857,Det,Reese,Olson,,,,,,,,,,,,,,,
185,669438,Det,Mason,Englert,,,,,,,,,,,,,,,
186,669370,KC,Asa,Lacy,,,,,,,,,,,,,,,
187,680742,KC,Jonathan,Bowlan,,,,,,,,,,,,,,,
188,700924,KC,Frank,Mozzicato,,,,,,,,,,,,,,,
189,695667,KC,Ben,Kudrna,,,,,,,,,,,,,,,
190,679525,KC,Alec,Marsh,,,,,,,,,,,,,,,
191,666364,Min,Jordan,Balazovic,,,,,,,,,,,,,,,
192,669416,Min,Blayne,Enlow,,,,,,,,,,,,,,,
193,694397,Min,Marco,Raya,,,,,,,,,,,,,,,
194,687570,Min,Connor(round/2/2022/MLB/draft),Prielipp,,,,,,,,,,,,,,,
195,701581,Min,David,Festa,,,,,,,,,,,,,,,
196,672782,NYA,Yoendrys,Gomez,,,,,,,,,,,,,,,
197,681190,NYA,Randy,Vasquez,,,,,,,,,,,,,,,
198,701542,NYA,Will,Warren,,,,,,,,,,,,,,,
199,689672,NYA,Drew(round/2/2022/MLB/draft),Thorpe,,,,,,,,,,,,,,,
200,690925,NYA,Clayton,Beeter,,,,,,,,,,,,,,,
201,665622,Oak,Luis,Medina,,,,,,,,,,,,,,,
202,680684,Oak,Gunnar,Hoglund,,,,,,,,,,,,,,,
203,660261,Oak,Shintaro,Fujinami,,,,,,,,,,,,,,,
204,695243,Oak,Mason,Miller,,,,,,,,,,,,,,,
205,669372,Oak,J.T.,Ginn,,,,,,,,,,,,,,,
206,676106,Sea,Emerson,Hancock,,,,,,,,,,,,,,,
207,672730,Sea,Juan,Then,,,,,,,,,,,,,,,
208,682243,Sea,Bryce,Miller,,,,,,,,,,,,,,,
209,693440,Sea,Taylor,Dollard,,,,,,,,,,,,,,,
210,693433,Sea,Bryan,Woo,,,,,,,,,,,,,,,
211,669247,Sea,Chris,Clarke,,,,,,,,,,,,,,,
212,672860,Sea,Prelander,Berroa,,,,,,,,,,,,,,,
213,668390,Tex,Cole,Winn,,,,,,,,,,,,,,,
214,676568,Tex,Ricky,Vanasco,,,,,,,,,,,,,,,
215,683004,Tex,Jack,Leiter,,,,,,,,,,,,,,,
216,669391,Tex,Owen,White,,,,,,,,,,,,,,,
217,677958,Tex,Kumar(round/1/2022/MLB/draft),Rocker,,,,,,,,,,,,,,,
218,702548,Tex,Brock(round/4/2022/MLB/draft),Porter,,,,,,,,,,,,,,,
219,691172,Tor,Yosver,Zulueta,,,,,,,,,,,,,,,
220,694357,Tor,Ricky,Tiedemann,,,,,,,,,,,,,,,
221,671936,Tor,Adam,Macko,,,,,,,,,,,,,,,
222,692479,Tor,Dahian,Santos,,,,,,,,,,,,,,,
223,691828,Tor,Semm,Robberse,,,,,,,,,,,,,,,
224,702255,Tor,Brandon(round/1/2022/MLB/draft),Barriera,,,,,,,,,,,,,,,
225,666215,Hou,Forrest,Whitley,,,,,,,,,,,,,,,
226,691012,Hou,Alex,Santos,,,,,,,,,,,,,,,
227,681869,Hou,Shawn,Dubin,,,,,,,,,,,,,,,
228,677961,TB,Cole,Wilcox,,,,,,,,,,,,,,,
229,671737,TB,Taj,Bradley,,,,,,,,,,,,,,,
230,682254,TB,Mason,Montgomery,,,,,,,,,,,,,,,
231,656271,Tex,Brock,Burke,,,,,,,,,,,,,,,
232,605130,KC,Scott,Barlow,,,,,,,,,,,,,,,
233,622253,Bal,Dillon,Tate,,,,,,,,,,,,,,,
234,661403,Cle,Emmanuel,Clase,,,,,,,,,,,,,,,
235,643377,Min,Griffin,Jax,,,,,,,,,,,,,,,
236,605347,Min,Jorge,Lopez,,,,,,,,,,,,,,,
237,643256,Tor,Adam,Cimber,,,,,,,,,,,,,,,
238,542914,Tor,Anthony,Bass,,,,,,,,,,,,,,,
239,623474,LAA,Jimmy,Herget,,,,,,,,,,,,,,,
240,606160,Hou,Rafael,Montero,,,,,,,,,,,,,,,
241,669395,KC,Dylan,Coleman,,,,,,,,,,,,,,,
242,642758,Oak,Domingo,Acevedo,,,,,,,,,,,,,,,
243,661395,Min,Jhoan,Duran,,,,,,,,,,,,,,,
244,669212,Cle,Eli,Morgan,,,,,,,,,,,,,,,
245,640462,Mia,A.J.,Puk,,,,,,,,,,,,,,,
246,664208,Hou,Phil,Maton,,,,,,,,,,,,,,,
247,642585,Bal,Felix,Bautista,,,,,,,,,,,,,,,
248,593576,Hou,Hector,Neris,,,,,,,,,,,,,,,
249,608665,ChA,Kendall,Graveman,,,,,,,,,,,,,,,
250,670167,Bos,John,Schreiber,,,,,,,,,,,,,,,
251,662253,Sea,Andres,Munoz,,,,,,,,,,,,,,,
252,445276,Bos,Kenley,Jansen,,,,,,,,,,,,,,,
253,670950,Tor,Trevor,Richards,,,,,,,,,,,,,,,
254,623149,Sea,Paul,Sewald,,,,,,,,,,,,,,,
255,605447,Tor,Jordan,Romano,,,,,,,,,,,,,,,
256,605280,NYA,Clay,Holmes,,,,,,,,,,,,,,,
257,663986,Cle,Trevor,Stephan,,,,,,,,,,,,,,,
258,592094,TB,Jason,Adam,,,,,,,,,,,,,,,
259,656638,Det,Alex,Lange,,,,,,,,,,,,,,,
260,641941,Min,Emilio,Pagan,,,,,,,,,,,,,,,
261,518489,Bos,Ryan,Brasier,,,,,,,,,,,,,,,
262,656529,Cle,Sam,Hentges,,,,,,,,,,,,,,,
263,571710,Bal,Mychal,Givens,,,,,,,,,,,,,,,
264,554340,Tor,Yimi,Garcia,,,,,,,,,,,,,,,
265,614179,ChA,Jose,Ruiz,,,,,,,,,,,,,,,
266,650556,Hou,Bryan,Abreu,,,,,,,,,,,,,,,
267,671345,Det,Jason,Foley,,,,,,,,,,,,,,,
268,573204,Min,Caleb,Thielbar,,,,,,,,,,,,,,,
269,571901,LAA,Aaron,Loup,,,,,,,,,,,,,,,
270,621363,TB,Colin,Poche,,,,,,,,,,,,,,,
271,518617,ChA,Jake,Diekman,,,,,,,,,,,,,,,
272,672335,Bal,Cionel,Perez,,,,,,,,,,,,,,,
273,607216,Bal,Joey,Krehbiel,,,,,,,,,,,,,,,
274,572193,LAA,Ryan,Tepera,,,,,,,,,,,,,,,
275,608032,LAA,Carlos,Estevez,,,,,,,,,,,,,,,
276,593974,NYA,Wandy,Peralta,,,,,,,,,,,,,,,
277,455119,Bos,Chris,Martin,,,,,,,,,,,,,,,
278,592773,Hou,Ryne,Stanek,,,,,,,,,,,,,,,
279,650895,Sea,Diego,Castillo(Sea),,,,,,,,,,,,,,,
280,670036,Sea,Matt,Festa,,,,,,,,,,,,,,,
281,642152,NYA,Lou,Trivino,,,,,,,,,,,,,,,
282,657024,Tor,Erik,Swanson,,,,,,,,,,,,,,,
283,660853,Cle,Enyel,DeLosSantos,,,,,,,,,,,,,,,
284,621383,ChA,Tanner,Banks,,,,,,,,,,,,,,,
285,667463,Tex,John,King,,,,,,,,,,,,,,,
286,570257,Bos,Joely,Rodriguez,,,,,,,,,,,,,,,
287,664199,KC,Taylor,Clarke,,,,,,,,,,,,,,,
288,641835,Tor,Tim,Mayza,,,,,,,,,,,,,,,
289,519151,Hou,Ryan,Pressly,,,,,,,,,,,,,,,
290,642528,NYA,Jonathan,Loaisiga,,,,,,,,,,,,,,,
291,667427,Oak,Zach,Jackson,,,,,,,,,,,,,,,
292,600917,Tex,Jose,Leclerc,,,,,,,,,,,,,,,
293,641627,Sea,Trevor,Gott,,,,,,,,,,,,,,,
294,607237,KC,Amir,Garrett,,,,,,,,,,,,,,,
295,641582,ChA,Matt,Foster,,,,,,,,,,,,,,,
296,656730,Min,Trevor,Megill,,,,,,,,,,,,,,,
297,669912,Oak,Kirby,Snead,,,,,,,,,,,,,,,
298,680704,Cle,Nick,Sandlin,,,,,,,,,,,,,,,
299,676760,NYA,Ron,Marinaccio,,,,,,,,,,,,,,,
300,594580,Oak,Sam,Moll,,,,,,,,,,,,,,,
301,657044,TB,Ryan,Thompson,,,,,,,,,,,,,,,
302,650671,LAA,Jose,Quijada,,,,,,,,,,,,,,,
303,663558,Min,Jovani,Moran,,,,,,,,,,,,,,,
304,598264,Mia,Matt,Barnes,,,,,,,,,,,,,,,
305,675916,Cle,James,Karinchak,,,,,,,,,,,,,,,
306,647315,Tor,Zach,Pop,,,,,,,,,,,,,,,
307,656061,NYA,Albert,Abreu,,,,,,,,,,,,,,,
308,661527,Hou,Seth,Martinez,,,,,,,,,,,,,,,
309,606625,Tex,Reyes,Moronta,,,,,,,,,,,,,,,
310,622251,KC,Josh,Staumont,,,,,,,,,,,,,,,
311,621016,KC,Jose,Cuas,,,,,,,,,,,,,,,
312,523260,ChA,Joe,Kelly,,,,,,,,,,,,,,,
313,547973,KC,Aroldis,Chapman,,,,,,,,,,,,,,,
314,669618,Tex,Joe,Barlow,,,,,,,,,,,,,,,
315,666204,Oak,Dany,Jimenez,,,,,,,,,,,,,,,
316,676092,KC,Collin,Snider,,,,,,,,,,,,,,,
317,642546,Tex,Jonathan,Hernandez,,,,,,,,,,,,,,,
318,670090,Bos,Wyatt,Mills,,,,,,,,,,,,,,,
319,664948,StL,Anthony,Misiewicz,,,,,,,,,,,,,,,
320,672391,Bos,Kaleb,Ort,,,,,,,,,,,,,,,
321,607481,ChA,Aaron,Bummer,,,,,,,,,,,,,,,
322,663989,Bal,Nick,Vespi,,,,,,,,,,,,,,,
323,543507,Oak,Trevor,May,,,,,,,,,,,,,,,
324,542585,Det,Jose,Cisnero,,,,,,,,,,,,,,,
325,664126,TB,Pete,Fairbanks,,,,,,,,,,,,,,,
326,664076,TB,Garrett,Cleavinger,,,,,,,,,,,,,,,
327,676534,TB,Calvin,Faucher,,,,,,,,,,,,,,,
328,656986,Cin,Bennett,Sousa,,,,,,,,,,,,,,,
329,666974,Bal,Yennier,Cano,,,,,,,,,,,,,,,
330,663385,Oak,Chad,Smith,,,,,,,,,,,,,,,
331,670810,Bal,Logan,Gillaspie,,,,,,,,,,,,,,,
332,642130,Hou,Blake,Taylor,,,,,,,,,,,,,,,
333,677161,Bos,Zack,Kelly,,,,,,,,,,,,,,,
334,592848,LAA,Zack,Weiss,,,,,,,,,,,,,,,
335,657424,Hou,Matt,Gage,,,,,,,,,,,,,,,
336,592454,NYA,Tommy,Kahnle,,,,,,,,,,,,,,,
337,669711,NYA,Greg,Weissert,,,,,,,,,,,,,,,
338,665896,LAA,Jose,Marte,,,,,,,,,,,,,,,
339,623437,Sea,Justin,Topa,,,,,,,,,,,,,,,
340,656786,Hou,Parker,Mushinski,,,,,,,,,,,,,,,
341,650382,Bal,Darwinzon,Hernandez,,,,,,,,,,,,,,,
342,669854,Hou,Ronel,Blanco,,,,,,,,,,,,,,,
343,681464,ChA,Franklin,German,,,,,,,,,,,,,,,
344,660600,Hou,Enoli,Paredes,,,,,,,,,,,,,,,
345,660896,Min,Jorge,Alcala,,,,,,,,,,,,,,,
346,656820,ChA,Nicholas,Padilla,,,,,,,,,,,,,,,
347,657031,KC,Josh,Taylor,,,,,,,,,,,,,,,
348,622772,NYA,Jimmy,Cordero,,,,,,,,,,,,,,,
349,663992,KC,Richard,Lovelady,,,,,,,,,,,,,,,
350,621057,LAA,Justin,Garza,,,,,,,,,,,,,,,
351,656266,Sea,J.B.,Bukauskas,,,,,,,,,,,,,,,
352,687014,ChA,Nick,Avila,,,,,,,,,,,,,,,
353,687330,TB,Kevin,Kelly,,,,,,,,,,,,,,,
354,662139,Tor,Daulton,Varsho,,,,,2.14,0.51,0.15,0.52,0.15,1,6,19,-4,-18,-57
355,672386,Tor,Alejandro,Kirk,,,,,,0.53,0.18,0.53,0.18,-3,-3,-11,9,7,29
356,669004,KC,MJ,Melendez,,,,,2.07,0.48,0.16,0.48,0.17,-3,1,4,9,-4,-14
357,521692,KC,Salvador,Perez,,,,,,0.33,0.17,0.33,0.17,-6,-9,-17,16,23,42
358,668939,Bal,Adley,Rutschman,,,,,,0.41,0.15,0.41,0.15,1,3,10,-2,-7,-24
359,641680,Tex,Jonah,Heim,,,,,,0.5,0.14,0.51,0.14,-11,-8,-18,28,19,43
360,543877,Min,Christian,Vazquez,,,,,,0.5,0.18,0.5,0.18,0,-1,-7,1,1,16
361,663728,Sea,Cal,Raleigh,,,,,,0.51,0.2,0.52,0.2,-7,-6,0,18,17,-1
362,518735,ChA,Yasmani,Grandal,,,,,,0.6,0.16,0.61,0.16,-9,-12,-11,25,32,29
363,455117,Hou,Martin,Maldonado,,,,,,0.39,0.14,0.39,0.14,-8,-8,-22,17,19,50
364,545358,LAA,Max,Stassi,,,,,,0.51,0.13,0.52,0.13,2,0,5,-4,1,-11
365,624431,NYA,Jose,Trevino,,,,,,0.43,0.16,0.43,0.16,-2,-5,-8,5,13,21
366,606992,Det,Eric,Haase,,,,,,0.46,0.17,0.47,0.17,-9,-9,-20,20,20,42
367,542194,TB,Christian,Bethancourt,1.83,,,,,0.48,0.18,0.49,0.18,-3,-7,-5,7,15,10
368,642336,TB,Francisco,Mejia,,,,,,0.44,0.16,0.45,0.16,-14,-11,-12,30,25,27
369,595751,Bos,Jorge,Alfaro,,,,,,0.4,0.15,0.4,0.15,-5,-7,-19,11,15,45
370,624512,Bos,Reese,McGuire,,,,,,0.44,0.19,0.44,0.19,6,7,15,-20,-25,-52
371,643376,Tor,Danny,Jansen,,,,,,0.46,0.16,0.47,0.17,2,-3,2,-5,7,-4
372,543309,NYA,Kyle,Higashioka,,,,,,0.47,0.15,0.48,0.15,-7,-7,-19,15,17,42
373,680777,Min,Ryan,Jeffers,,,,,,0.53,0.16,0.54,0.16,-9,-12,-18,21,27,41
374,641598,Tex,Mitch,Garver,,,,,,0.5,0.14,0.51,0.15,-3,-5,-16,6,11,34
375,664874,ChA,Seby,Zavala,,,,,,0.53,0.15,0.53,0.15,0,-5,-5,0,12,12
376,543510,Bal,James,McCann,,,,,,0.5,0.17,0.5,0.17,1,-2,-6,-1,5,14
377,669127,Oak,Shea,Langeliers,,,,,,0.53,0.17,0.54,0.17,-5,-9,-10,12,21,23
378,669087,Tex,Sam,Huff,,,,,,0.54,0.16,0.55,0.16,-3,-6,-12,6,14,26
379,572287,Cle,Mike,Zunino,,,,,,0.49,0.15,0.5,0.15,-14,-17,-37,30,36,82
380,650907,TB,Rene,Pinto,,,,,,0.5,0.15,0.51,0.15,-4,-7,-9,9,16,22
381,642136,LAA,Matt,Thaiss,,,,,,0.49,0.17,0.49,0.17,6,7,17,-18,-22,-53
382,657136,Bos,Connor,Wong,,,,,,0.53,0.17,0.54,0.17,-1,-2,-6,3,5,14
383,608596,Sea,Tom,Murphy,,,,,,0.51,0.14,0.51,0.14,-5,-12,-17,10,23,32
384,686676,Hou,Korey,Lee,,,,,,0.49,0.16,0.5,0.16,-4,-6,-10,8,13,23
385,656024,ChA,Carlos,Perez,,,,,,0.49,0.16,0.5,0.16,-3,-6,-10,7,13,22
386,444489,Oak,Manny,Pina,,,,,,0.49,0.18,0.49,0.18,-4,-8,-15,9,17,31
387,681351,LAA,Logan,O'Hoppe,,,,,,0.5,0.16,0.5,0.16,-4,-6,-11,10,14,25
388,681526,Cle,Bryan,Lavastida,,,,,,0.49,0.16,0.5,0.16,-4,-6,-11,9,13,25
389,673237,Hou,Yainer,Diaz,,,,,,0.49,0.16,0.5,0.16,-3,-6,-10,8,13,23
390,666310,Cle,Bo,Naylor,,,,,,0.5,0.17,0.51,0.17,4,6,15,-13,-19,-47
391,666023,KC,Freddy,Fermin,,,,,,0.49,0.17,0.49,0.17,-4,-7,-12,10,15,26
392,664848,Det,Donny,Sands,,,,,,0.49,0.16,0.5,0.16,-3,-6,-10,8,13,23
393,542963,Tor,Rob,Brantly,,,,,,0.49,0.17,0.5,0.17,5,6,16,-15,-20,-49
394,668670,Det,Jake,Rogers,,,,,,0.44,0.17,0.44,0.18,-4,-6,-15,9,12,34
395,666163,NYA,Ben,Rortvedt,,,,,,0.47,0.17,0.47,0.18,5,7,14,-15,-21,-44
396,700337,LAA,Edgar,Quero,,,,,,0.49,0.16,0.5,0.16,-8,-4,-7,18,11,16
397,693307,Det,Dillon,Dingler,,,,,,0.49,0.16,0.5,0.16,-4,-6,-11,8,14,24
398,695600,KC,Carter,Jensen,,,,,,0.49,0.16,0.5,0.16,4,6,16,-14,-20,-48
399,669224,NYA,Austin,Wells,,,,,,0.49,0.16,0.5,0.16,4,6,16,-14,-20,-48
400,691016,Oak,Tyler,Soderstrom,,,,,,0.49,0.16,0.5,0.16,4,6,16,-14,-20,-48
401,691740,Oak,Daniel(round/1/2022/MLB/draft),Susac,,,,,,0.49,0.16,0.5,0.16,-4,-6,-11,8,14,24
402,695670,Sea,Harry,Ford,,,,,,0.49,0.16,0.5,0.16,-4,-6,-11,8,14,24
403,665489,Tor,VladimirJr.,Guerrero,1.89,,,,,,,,,2,-2,7,-6,5,-21
404,547989,Hou,Jose,Abreu,1.81,,,,,,,,,-2,-3,-15,6,10,40
405,663993,Tex,Nathaniel,Lowe,1.83,,,,,,,,,-3,0,5,8,0,-11
406,605137,Cle,Josh,Bell,1.82,,,,,,,,,-4,-5,-7,10,12,17
407,664034,Sea,Ty,France,1.88,,,,,,,,,-4,-4,-9,10,10,20
408,663624,Bal,Ryan,Mountcastle,1.83,,,,,,,,,-2,-4,-9,6,10,20
409,519203,NYA,Anthony,Rizzo,1.86,,,,,,,,,-5,-1,-2,14,3,5
410,542583,Oak,Jesus,Aguilar,1.85,,,,,,,,,1,-4,0,-1,10,0
411,647304,Cle,Josh,Naylor,1.86,,,,,,,,,12,11,34,-35,-32,-97
412,665120,LAA,Jared,Walsh,1.85,,,,,,,,,14,17,26,-39,-48,-70
413,623912,TB,Harold,Ramirez,1.84,,,,2.03,,,,,-8,-12,-14,19,27,33
414,679529,Det,Spencer,Torkelson,1.86,,,,,,,,,-4,-6,-12,10,13,29
415,474832,Tor,Brandon,Belt,1.87,,,,,,,,,6,5,23,-19,-15,-74
416,686469,KC,Vinnie,Pasquantino,1.84,,,,,,,,,2,2,15,-5,-7,-48
417,660294,Tex,Yoshi,Tsutsugo,1.84,,,,,,,,,2,7,11,-6,-20,-32
418,668472,KC,Nick,Pratto,1.85,,,,,,,,,3,4,15,-8,-13,-46
419,592567,Sea,Colin,Moran,1.84,,,,,,,,,8,9,18,-23,-28,-55
420,660650,Oak,Dermis,Garcia,1.86,,,,,,,,,-2,-3,-8,5,8,18
421,671213,Bos,Triston,Casas,1.85,,,,,,,,,4,5,18,-12,-16,-56
422,656695,Hou,J.J.,Matijevic,1.85,,,,,,,,,5,6,16,-15,-19,-51
423,641343,NYA,Jake,Bauers,1.85,,,,,,,,,2,6,13,-8,-18,-42
424,657108,Sea,Evan,White,1.85,,,,,,,,,-1,-4,-8,3,10,18
425,676116,Oak,Ryan,Noda,1.85,,,,,,,,,4,6,16,-14,-20,-48
426,682988,Sea,Tyler(round/2/2022/MLB/draft),Locklear,1.85,,,,,,,,,-4,-6,-11,8,14,24
427,687462,Tor,Spencer,Horwitz,1.85,,,,,,,,,4,6,16,-14,-20,-48
428,700932,TB,Kyle,Manzardo,1.85,,,,,,,,,4,6,16,-14,-20,-48
429,800060,TB,Xavier(round/1/2022/MLB/draft),Isaac,1.85,,,,,,,,,4,6,16,-14,-20,-48
430,543760,Tex,Marcus,Semien,,4.34,,,,,,,,0,-3,3,0,8,-6
431,514888,Hou,Jose,Altuve,,4.22,,,,,,,,-5,-5,-11,12,12,27
432,624428,Bal,Adam,Frazier,,4.25,,,2.09,,,,,7,9,10,-20,-26,-30
433,650402,NYA,Gleyber,Torres,,4.3,,,,,,,,-5,-5,-19,11,11,45
434,592273,LAA,Brandon,Drury,1.85,4.23,2.65,,,,,,,-7,-5,-24,15,12,56
435,643393,Oak,Tony,Kemp,,4.21,,,2.09,,,,,5,3,14,-17,-11,-48
436,665926,Cle,Andres,Gimenez,,4.33,,,,,,,,1,2,9,-2,-7,-29
437,593160,Tor,Whit,Merrifield,,4.28,,,2.11,,,,,-1,-3,-10,2,7,25
438,518934,NYA,DJ,LeMahieu,1.88,4.27,2.68,,,,,,,-4,-5,-6,8,11,14
439,650859,LAA,Luis,Rengifo,,4.28,2.68,,,,,,,-12,-9,-20,27,20,45
440,570731,Det,Jonathan,Schoop,,4.28,,,,,,,,-7,-11,-15,18,26,38
441,543939,Sea,Kolten,Wong,,4.28,,,,,,,,6,7,21,-17,-22,-63
442,669289,Tor,Santiago,Espinal,,4.25,,,,,,,,-8,-11,-14,19,25,32
443,593871,Min,Jorge,Polanco,,4.25,,,,,,,,-5,4,4,10,-8,-9
444,602104,Bal,Ramon,Urias,,4.24,2.7,,,,,,,3,0,-4,-5,-1,9
445,624503,Min,Nick,Gordon,,4.26,,,2.13,,,,,7,8,22,-23,-26,-73
446,670623,TB,Isaac,Paredes,1.86,4.26,2.67,,,,,,,-7,-9,-14,15,20,31
447,649557,Oak,Aledmys,Diaz,,4.26,,,2.08,,,,,-5,-9,-14,11,19,32
448,544725,ChA,Leury,Garcia,,4.24,,,2.1,,,,,-6,-2,-4,14,6,10
449,624415,Tor,Cavan,Biggio,1.85,4.25,,,,,,,,5,7,17,-17,-25,-56
450,624414,Bos,Christian,Arroyo,,4.28,,,,,,,,-7,-8,-16,16,18,33
451,664040,TB,Brandon,Lowe,,4.21,,,,,,,,7,12,17,-19,-36,-48
452,600303,Sea,Tommy,LaStella,,4.18,,,,,,,,4,5,15,-16,-19,-54
453,686681,KC,Michael,Massey,,4.23,,,,,,,,5,7,14,-16,-23,-43
454,681146,Oak,Jonah,Bride,,4.23,2.65,,,,,,,-2,-4,-6,5,8,13
455,660644,TB,Vidal,Brujan,,4.24,,,2.08,,,,,-7,-6,-9,17,13,21
456,663853,ChA,Romy,Gonzalez,,4.25,,,,,,,,-7,-9,-17,17,21,39
457,679631,Bal,Terrin,Vavra,,4.25,,,,,,,,5,6,15,-15,-20,-48
458,664029,Tex,Mark,Mathias,,4.25,,,,,,,,-3,-6,-13,6,12,26
459,666018,TB,Jonathan,Aranda,,4.25,,,,,,,,4,6,15,-13,-20,-48
460,683021,LAA,Michael,Stefanic,,4.27,,,,,,,,0,-1,-4,-1,3,8
461,672478,Oak,Jordan,Diaz,,4.23,,,,,,,,-3,-6,-10,8,13,23
462,592348,Bos,Niko,Goodrum,,4.25,,,,,,,,-11,-9,-8,25,21,18
463,676625,Hou,Rylan,Bannon,,4.25,,,,,,,,-4,-6,-11,9,14,24
464,672640,Tor,Otto,Lopez,,4.25,,,,,,,,-5,-7,-12,11,16,27
465,681393,Bal,Connor,Norby,,4.25,,,,,,,,-4,-6,-11,8,14,24
466,694377,Bos,Nick,Yorke,,4.25,,,,,,,,-4,-6,-11,8,14,24
467,665839,Bos,Enmanuel,Valdez,,4.25,,,,,,,,4,6,16,-14,-20,-48
468,691269,LAA,Adrian,Placencia,,4.25,,,,,,,,-8,-4,-7,18,11,16
469,690291,Det,Jace(round/1/2022/MLB/draft),Jung,,4.25,,,,,,,,4,6,16,-14,-20,-48
470,669392,KC,Samad,Taylor,,4.25,,,,,,,,-4,-6,-11,8,14,24
471,666397,Min,Edouard,Julien,,4.25,,,,,,,,4,6,16,-14,-20,-48
472,679822,Tex,Justin,Foscue,,4.25,,,,,,,,-8,-4,-7,18,11,16
473,691437,Tor,Adrian,Pinto,,4.25,,,,,,,,-4,-6,-11,8,14,24
474,608070,Cle,Jose,Ramirez(Cle),,,2.71,,,,,,,-3,1,6,6,-3,-14
475,608324,Hou,Alex,Bregman,,,2.65,,,,,,,-1,-5,3,1,11,-7
476,553993,Sea,Eugenio,Suarez,,,2.63,,,,,,,-3,-5,-5,7,13,13
477,656305,Tor,Matt,Chapman,,,2.72,,,,,,,-5,-4,-14,12,9,33
478,646240,Bos,Rafael,Devers,,,2.61,,,,,,,4,8,30,-9,-21,-75
479,650490,TB,Yandy,Diaz,,,2.59,,,,,,,-7,-6,-18,14,13,39
480,570482,LAA,Gio,Urshela,,,2.67,,,,,,,-5,-4,-11,11,10,26
481,518626,NYA,Josh,Donaldson,,,2.69,,,,,,,-3,-6,-17,8,15,42
482,457759,Bos,Justin,Turner,,,2.62,,,,,,,0,0,-4,0,-1,9
483,641531,KC,Hunter,Dozier,1.84,,2.58,,2.07,,,,,-3,-8,-3,6,19,8
484,669304,Min,Jose,Miranda,1.85,,2.62,,,,,,,-3,-5,-17,8,11,39
485,660162,ChA,Yoan,Moncada,,,2.69,,,,,,,-5,-2,-5,14,4,13
486,666915,Bos,Bobby,Dalbec,1.84,,2.59,,,,,,,-9,-12,-19,18,24,40
487,607054,Oak,Jace,Peterson,,,2.69,,,,,,,1,4,13,-4,-16,-46
488,669701,Tex,JoshH.,Smith(Tex),,,2.67,,2.08,,,,,5,7,13,-18,-24,-41
489,543543,Tex,Brad,Miller,,,2.64,,2.07,,,,,6,10,15,-21,-36,-52
490,677649,Tex,Ezequiel,Duran,,,2.64,,,,,,,-3,-5,-13,7,12,32
491,543685,LAA,Anthony,Rendon,,,2.61,,,,,,,-1,-6,-10,2,14,23
492,669394,ChA,Jake,Burger,,,2.63,,,,,,,-4,-8,-13,10,19,29
493,663527,Det,Tyler,Nevin,,,2.63,,,,,,,-6,-9,-18,13,19,39
494,675656,Oak,Kevin,Smith(Oak),,,2.65,,,,,,,-7,-8,-17,14,18,37
495,683002,Bal,Gunnar,Henderson,,,2.67,,,,,,,7,8,19,-21,-27,-60
496,673962,Tex,Josh,Jung,,,2.66,,,,,,,-6,-7,-16,13,16,35
497,669309,Hou,Joe,Perez,,,2.65,,,,,,,-4,-6,-11,9,14,25
498,691723,Bal,Coby,Mayo,,,2.65,,,,,,,-4,-6,-11,8,14,24
499,691458,Bos,Blaze,Jordan,,,2.65,,,,,,,-4,-6,-11,8,14,24
500,695770,ChA,Wes,Kath,,,2.65,,,,,,,4,6,16,-14,-20,-48
501,682868,ChA,Bryan,Ramos,,,2.65,,,,,,,-4,-6,-11,8,14,24
502,690993,Det,Colt,Keith,,,2.65,,,,,,,4,6,16,-14,-20,-48
503,686531,Det,Andre,Lipcius,,,2.65,,,,,,,-4,-6,-11,8,14,24
504,669234,Det,Justyn-Henry,Malloy,,,2.65,,,,,,,-4,-6,-11,8,14,24
505,691024,KC,Cayden(round/2/2022/MLB/draft),Wallace,,,2.65,,,,,,,-4,-6,-11,8,14,24
506,680869,Oak,Zack,Gelof,,,2.65,,,,,,,-4,-6,-11,8,14,24
507,678554,TB,Curtis,Mead,,,2.65,,,,,,,-4,-6,-11,8,14,24
508,666182,Tor,Bo,Bichette,,,,4.71,,,,,,-2,-6,-8,5,17,23
509,642708,Cle,Amed,Rosario,,,,4.71,,,,,,-6,-9,-18,14,21,43
510,608369,Tex,Corey,Seager,,,,4.74,,,,,,3,9,3,-7,-23,-8
511,677951,KC,Bobby,Witt,,,2.64,4.7,,,,,,0,-2,-9,1,4,24
512,641487,Sea,J.P.,Crawford,,,,4.77,,,,,,3,7,9,-8,-17,-21
513,595879,Det,Javier,Baez,,,,4.78,,,,,,-9,-12,-18,23,31,47
514,621043,Min,Carlos,Correa,,,,4.82,,,,,,-4,-10,-8,8,23,18
515,571657,Min,Kyle,Farmer,,,2.64,4.7,,,,,,-6,-9,-25,15,24,63
516,665161,Hou,Jeremy,Pena,,,,4.81,,,,,,-6,-9,-14,14,21,35
517,622761,Bal,Jorge,Mateo,,,,4.79,,,,,,-1,-2,-6,2,5,13
518,643396,NYA,Isiah,Kiner-Falefa,,,,4.79,,,,,,2,-1,-1,-5,2,3
519,670032,KC,Nicky,Lopez,,4.25,2.67,4.78,,,,,,5,7,13,-14,-23,-40
520,670764,TB,Taylor,Walls,,4.27,2.7,4.81,,,,,,-6,-6,0,13,14,-1
521,641313,ChA,Tim,Anderson,,,,4.69,,,,,,-5,-7,-13,13,18,34
522,677551,TB,Wander,Franco,,,,4.82,,,,,,-11,-8,-17,28,20,42
523,623205,LAA,Andrew,Velazquez,,,,4.79,,,,,,-8,-5,-2,18,12,5
524,669397,Oak,Nick,Allen,,4.28,,4.78,,,,,,-8,-10,-21,19,22,48
525,643289,Hou,Mauricio,Dubon,,,,4.74,2.13,,,,,-7,-9,-20,15,20,43
526,664238,Sea,Dylan,Moore,,,,4.71,2.11,,,,,-6,-13,-11,11,23,22
527,664058,LAA,David,Fletcher,,4.3,,4.75,,,,,,-9,-13,-16,20,28,37
528,671289,Cle,Tyler,Freeman,,,,4.75,,,,,,-4,-6,-10,9,13,23
529,668952,Det,Ryan,Kreidler,,,,4.75,,,,,,-5,-7,-14,11,16,31
530,670869,LAA,Livan,Soto,,,,4.75,,,,,,6,8,17,-18,-26,-50
531,672724,NYA,Oswald,Peraza,,,,4.75,,,,,,-2,-7,-8,6,15,19
532,672356,Cle,Gabriel,Arias,,,,4.75,,,,,,-3,-4,-9,6,10,21
533,609275,Bos,Adalberto,Mondesi,,,,4.73,,,,,,-7,-4,-9,17,9,22
534,672820,ChA,Lenyn,Sosa,,,,4.75,,,,,,-3,-5,-9,7,12,21
535,682073,Hou,David,Hensley,,,,4.75,,,,,,-4,-7,-9,9,16,20
536,672580,KC,Maikel,Garcia,,,,4.75,,,,,,-5,-7,-13,12,16,29
537,670097,Det,Zack,Short,,,,4.75,,,,,,0,-5,-7,0,11,14
538,676059,Bal,Jordan,Westburg,,,,4.75,,,,,,-4,-6,-11,8,14,24
539,702616,Bal,Jackson(round/1/2022/MLB/draft),Holliday,,,,4.75,,,,,,4,6,16,-14,-20,-48
540,687401,Bal,Joey,Ortiz,,,,4.75,,,,,,-4,-6,-11,8,14,24
541,691785,Bos,Marcelo,Mayer,,,,4.75,,,,,,4,6,16,-14,-20,-48
542,683090,Bos,Matthew,Lugo,,,,4.75,,,,,,-4,-6,-11,8,14,24
543,702540,Bos,Mikey(round/1/2022/MLB/draft),Romero,,,,4.75,,,,,,4,6,16,-14,-20,-48
544,702690,Bos,Cutter(round/2/2022/MLB/draft),Coffey,,,,4.75,,,,,,-4,-6,-11,8,14,24
545,677347,LAA,Kyren,Paris,,,,4.75,,,,,,-4,-6,-11,8,14,24
546,669236,LAA,Jeremiah,Jackson,,,,4.75,,,,,,-4,-6,-11,8,14,24
547,694203,LAA,Denzer,Guzman,,,,4.75,,,,,,-4,-6,-11,8,14,24
548,687263,LAA,Zach(round/1/2022/MLB/draft),Neto,,,,4.75,,,,,,-4,-6,-11,8,14,24
549,679563,ChA,Jose,Rodriguez(ChA),,,,4.75,,,,,,-4,-6,-11,8,14,24
550,695657,ChA,Colson,Montgomery,,,,4.75,,,,,,4,6,16,-14,-20,-48
551,677587,Cle,Brayan,Rocchio,,,,4.75,,,,,,-8,-4,-7,18,11,16
552,682657,Cle,Angel,Martinez,,,,4.75,,,,,,-8,-4,-7,18,11,16
553,677588,Cle,Jose,Tena,,,,4.75,,,,,,4,6,16,-14,-20,-48
554,694184,Det,Cristian,Santana(Det),,,,4.75,,,,,,-4,-6,-11,8,14,24
555,691789,Det,Izaac,Pacheco,,,,4.75,,,,,,4,6,16,-14,-20,-48
556,689931,Det,Peyton(round/2/2022/MLB/draft),Graham,,,,4.75,,,,,,-4,-6,-11,8,14,24
557,679845,KC,Nick,Loftin,,,,4.75,,,,,,-4,-6,-11,8,14,24
558,668885,Min,Austin,Martin,,,,4.75,,,,,,-4,-6,-11,8,14,24
559,686797,Min,Brooks(round/1/2022/MLB/draft),Lee,,,,4.75,,,,,,-8,-4,-7,18,11,16
560,691191,Min,Jose,Salas,,,,4.75,,,,,,-8,-4,-7,18,11,16
561,683011,NYA,Anthony,Volpe,,,,4.75,,,,,,-4,-6,-11,8,14,24
562,700242,NYA,Trey,Sweeney,,,,4.75,,,,,,4,6,16,-14,-20,-48
563,703149,NYA,Roderick,Arias,,,,4.75,,,,,,-8,-4,-7,18,11,16
564,691777,Oak,Max,Muncy(Oak),,,,4.75,,,,,,-4,-6,-11,8,14,24
565,687231,Oak,Darell,Hernaiz,,,,4.75,,,,,,-4,-6,-11,8,14,24
566,702284,Sea,Cole(round/1/2022/MLB/draft),Young,,,,4.75,,,,,,4,6,16,-14,-20,-48
567,682668,Tex,JoseLuisangel,Acuna,,,,4.75,,,,,,-4,-6,-11,8,14,24
568,682619,Tor,Orelvis,Martinez,,,,4.75,,,,,,-4,-6,-11,8,14,24
569,694202,Tor,Manuel,Beltre,,,,4.75,,,,,,-4,-6,-11,8,14,24
570,677870,Tor,Leo,Jimenez,,,,4.75,,,,,,-4,-6,-11,8,14,24
571,688460,Tor,Josh(round/2/2022/MLB/draft),Kasevich,,,,4.75,,,,,,-4,-6,-11,8,14,24
572,680718,Tor,Addison,Barger,,,,4.75,,,,,,4,6,16,-14,-20,-48
573,675659,TB,Greg,Jones,,,,4.75,,,,,,-8,-4,-7,18,11,16
574,694181,TB,Carlos,Colmenarez,,,,4.75,,,,,,4,6,16,-14,-20,-48
575,700246,TB,Carson,Williams,,,,4.75,,,,,,-4,-6,-11,8,14,24
576,691938,TB,Willy,Vasquez,,,,4.75,,,,,,-4,-6,-11,8,14,24
577,678545,TB,Osleivis,Basabe,,,,4.75,,,,,,-4,-6,-11,8,14,24
578,592450,NYA,Aaron,Judge,,,,,2.12,,,,,1,0,-1,-2,1,4
579,656775,Bal,Cedric,Mullins,,,,,2.19,,,,,8,11,23,-19,-28,-56
580,666969,Tex,Adolis,Garcia,,,,,2.15,,,,,1,-1,-2,-2,3,4
581,668227,TB,Randy,Arozarena,,,,,2.08,,,,,-9,-12,-22,22,28,53
582,623993,Bal,Anthony,Santander,,,,,2.03,,,,,-11,-9,-10,25,20,24
583,657077,Bos,Alex,Verdugo,,,,,2.08,,,,,9,12,26,-24,-32,-71
584,680757,Cle,Steven,Kwan,,,,,2.13,,,,,5,9,19,-14,-30,-58
585,663656,Hou,Kyle,Tucker,,,,,2.11,,,,,6,11,5,-13,-26,-11
586,664702,Cle,Myles,Straw,,,,,2.24,,,,,-3,-4,-4,7,9,8
587,669720,Bal,Austin,Hays,,,,,2.11,,,,,-8,-9,-16,18,20,35
588,543807,Tor,George,Springer,,,,,2.13,,,,,-2,-5,-3,4,11,8
589,621493,LAA,Taylor,Ward,,,,,2.06,,,,,-3,-7,-1,8,15,1
590,677594,Sea,Julio,Rodriguez(Sea),,,,,2.17,,,,,-1,-6,-3,3,14,7
591,670541,Hou,Yordan,Alvarez,,,,,2.04,,,,,-1,1,6,3,-2,-13
592,664913,Oak,Seth,Brown,1.85,,,,2.1,,,,,6,7,21,-23,-28,-80
593,683734,ChA,Andrew,Vaughn,1.84,,,,2.03,,,,,-7,-13,-14,17,32,35
594,606192,Sea,Teoscar,Hernandez,,,,,2.08,,,,,-8,-9,-27,21,24,75
595,572041,Sea,AJ,Pollock,,,,,2.1,,,,,-5,-6,-24,12,14,57
596,592669,LAA,Hunter,Renfroe,,,,,2.08,,,,,-4,-12,-8,10,26,19
597,643217,ChA,Andrew,Benintendi,,,,,2.11,,,,,2,5,14,-7,-14,-38
598,545361,LAA,Mike,Trout,,,,,2.13,,,,,-3,-9,2,7,21,-5
599,572191,Min,MichaelA.,Taylor,,,,,2.23,,,,,-5,-8,-14,13,19,32
600,543305,NYA,Aaron,Hicks,,,,,2.11,,,,,-8,-2,-11,20,5,26
601,519317,NYA,Giancarlo,Stanton,,,,,2,,,,,-1,-4,1,1,10,-3
602,596146,Min,Max,Kepler,,,,,2.09,,,,,6,8,21,-17,-24,-61
603,682985,Det,Riley,Greene,,,,,2.14,,,,,-1,2,10,2,-7,-29
604,608336,Min,Joey,Gallo,,,,,2.07,,,,,5,7,17,-14,-20,-48
605,657757,ChA,Gavin,Sheets,,,,,2.06,,,,,7,7,22,-26,-27,-84
606,676801,Hou,Chas,Mccormick,,,,,2.12,,,,,-9,-10,-21,20,24,50
607,673357,ChA,Luis,Robert,,,,,2.16,,,,,-7,-11,-19,19,28,50
608,571771,Bos,Kike(Enrique),Hernandez,,,,,2.16,,,,,-4,-12,-19,9,25,43
609,657656,Oak,Ramon,Laureano,,,,,2.12,,,,,-8,-12,-10,18,27,23
610,621439,Min,Byron,Buxton,,,,,2.2,,,,,-6,-7,-12,14,16,28
611,660757,Cle,Oscar,Gonzalez,,,,,2.09,,,,,0,-2,-7,1,5,15
612,622534,TB,Manuel,Margot,,,,,2.11,,,,,-8,-13,-15,18,26,31
613,663837,Det,Matt,Vierling,,,,,2.12,,,,,-10,-10,-14,20,21,29
614,665482,Min,Gilberto,Celestino,,,,,2.14,,,,,2,1,-4,-3,-1,8
615,665750,Tex,Leody,Taveras,,,,,2.14,,,,,-6,-4,-3,15,10,7
616,642350,TB,Jose,Siri,,,,,2.19,,,,,0,-4,-4,0,9,10
617,650391,ChA,Eloy,Jimenez,,,,,2.05,,,,,1,-2,0,-2,6,1
618,594807,Bos,Adam,Duvall,,,,,2.12,,,,,0,-3,-2,-1,8,5
619,664056,NYA,Harrison,Bader,,,,,2.22,,,,,1,-2,-4,-1,6,12
620,666176,LAA,Jo,Adell,,,,,2.08,,,,,-1,-2,-8,2,4,16
621,488726,Hou,Michael,Brantley,,,,,2.06,,,,,11,15,26,-29,-39,-67
622,664728,KC,Kyle,Isbel,,,,,2.12,,,,,3,4,16,-10,-13,-52
623,665506,Oak,Cristian,Pache,,,,,2.15,,,,,-7,-10,-16,16,22,37
624,668731,Det,Akil,Baddoo,,,,,2.11,,,,,5,8,23,-16,-25,-72
625,680776,Bos,Jarren,Duran,,,,,2.12,,,,,5,7,19,-16,-22,-59
626,595281,Tor,Kevin,Kiermaier,,,,,2.17,,,,,1,5,16,-4,-14,-46
627,621433,LAA,Brett,Phillips,,,,,2.12,,,,,11,13,30,-35,-40,-93
628,669450,Sea,Cooper,Hummel,,,,,2.05,,,,,-4,-1,-2,9,1,4
629,664059,Sea,Sam,Haggerty,,,,,2.1,,,,,-11,-10,-19,25,23,44
630,666139,TB,Josh,Lowe,,,,,2.1,,,,,9,10,23,-27,-30,-70
631,672284,Sea,Jarred,Kelenic,,,,,2.12,,,,,7,10,27,-19,-27,-70
632,669352,Tex,Bubba,Thompson,,,,,2.1,,,,,0,-3,-7,-1,7,16
633,663616,Min,Trevor,Larnach,,,,,2.08,,,,,5,8,18,-13,-24,-51
634,608701,Bos,Rob,Refsnyder,,,,,2.1,,,,,-10,-12,-18,20,25,37
635,658668,KC,Edward,Olivares,,,,,2.07,,,,,-1,-4,-10,3,9,23
636,663630,Bal,Ryan,McKenna,,,,,2.11,,,,,-2,-3,-9,3,7,18
637,665828,NYA,Oswaldo,Cabrera,,,,,2.08,,,,,-8,-5,-4,19,12,11
638,664247,Min,Kyle,Garlick,,,,,2.08,,,,,-6,-6,-22,11,11,43
639,676694,Hou,Jake,Meyers,,,,,2.19,,,,,-6,-6,-15,14,12,33
640,666135,Min,Alex,Kirilloff,,,,,2.05,,,,,4,5,13,-11,-14,-39
641,640457,Det,Austin,Meadows,,,,,2.06,,,,,8,11,30,-22,-30,-83
642,676632,Hou,Bligh,Madris,,,,,2.08,,,,,3,6,13,-11,-20,-42
643,680700,Cle,Richie,Palacios,,,,,2.07,,,,,4,4,12,-14,-14,-41
644,681987,KC,Nate,Eaton,,,,,2.09,,,,,-4,-6,-14,10,14,33
645,666211,Sea,Taylor,Trammell,,,,,2.1,,,,,9,10,25,-26,-30,-74
646,681481,Det,Kerry,Carpenter,,,,,2.07,,,,,5,7,18,-15,-23,-54
647,666160,LAA,Mickey,Moniak,,,,,2.12,,,,,5,7,17,-16,-22,-54
648,671221,KC,Drew,Waters,,,,,2.11,,,,,-7,-2,-7,16,5,17
649,669065,Bal,Kyle,Stowers,,,,,2.07,,,,,4,5,12,-13,-17,-39
650,665155,Det,Nick,Maton,,,,,2.08,,,,,1,4,10,-4,-12,-30
651,545350,ChA,Jake,Marisnick,,,,,2.13,,,,,-3,-5,-9,5,9,19
652,670042,TB,Luke,Raley,,,,,2.07,,,,,6,7,17,-18,-23,-53
653,670276,Oak,Cal,Stevenson,,,,,2.14,,,,,3,6,13,-11,-19,-42
654,670242,Min,Matt,Wallner,,,,,2.08,,,,,6,8,18,-18,-25,-56
655,666181,Cin,Will,Benson,,,,,2.12,,,,,5,6,14,-15,-18,-45
656,668843,Oak,Conner,Capel,,,,,2.08,,,,,5,5,16,-14,-17,-52
657,686823,Cle,Will,Brennan,,,,,2.09,,,,,6,8,17,-18,-24,-54
658,667670,Oak,Brent,Rooker,,,,,2.06,,,,,-3,-6,-6,7,14,13
659,665923,Oak,Esteury,Ruiz,,,,,2.1,,,,,-3,-6,-9,7,12,19
660,664314,NYA,Estevan,Florial,,,,,2.14,,,,,5,6,16,-14,-18,-50
661,677008,Bal,Heston,Kjerstad,,,,,2.1,,,,,4,6,16,-14,-20,-48
662,681297,Bal,Colton,Cowser,,,,,2.1,,,,,4,6,16,-14,-20,-48
663,687637,Bal,Dylan(round/1C/2022/MLB/draft),Beavers,,,,,2.1,,,,,4,6,16,-14,-20,-48
664,694194,Bos,Miguel,Bleis,,,,,2.1,,,,,-4,-6,-11,8,14,24
665,678882,Bos,Ceddanne,Rafaela,,,,,2.1,,,,,-4,-6,-11,8,14,24
666,807799,Bos,Masataka,Yoshida,,,,,2.1,,,,,4,6,16,-14,-20,-48
667,677941,LAA,Jordyn,Adams,,,,,2.1,,,,,-4,-6,-11,8,14,24
668,673461,ChA,Yoelqui,Cespedes,,,,,2.1,,,,,-4,-6,-11,8,14,24
669,693049,ChA,Oscar,Colas,,,,,2.1,,,,,4,6,16,-14,-20,-48
670,678877,Cle,Jhonkensy,Noel,,,,,2.1,,,,,-4,-6,-11,8,14,24
671,671655,Cle,George,Valera,,,,,2.1,,,,,4,6,16,-14,-20,-48
672,800050,Cle,Chase(round/1/2022/MLB/draft),DeLauter,,,,,2.1,,,,,4,6,16,-14,-20,-48
673,691449,Det,Roberto,Campos,,,,,2.1,,,,,-4,-6,-11,8,14,24
674,678009,Det,Parker,Meadows,,,,,2.1,,,,,4,6,16,-14,-20,-48
675,688457,KC,Gavin(round/1/2022/MLB/draft),Cross,,,,,2.1,,,,,4,6,16,-14,-20,-48
676,694355,KC,Tyler,Gentry,,,,,2.1,,,,,-4,-6,-11,8,14,24
677,682618,Min,Misael,Urbina,,,,,2.1,,,,,-4,-6,-11,8,14,24
678,691181,Min,Emmanuel,Rodriguez,,,,,2.1,,,,,4,6,16,-14,-20,-48
679,691176,NYA,Jasson,Dominguez,,,,,2.1,,,,,-8,-4,-7,18,11,16
680,677592,NYA,Everson,Pereira,,,,,2.1,,,,,-4,-6,-11,8,14,24
681,682987,NYA,Spencer(round/1/2022/MLB/draft),Jones,,,,,2.1,,,,,4,6,16,-14,-20,-48
682,676113,Sea,Zach,DeLoach,,,,,2.1,,,,,4,6,16,-14,-20,-48
683,703155,Sea,Lazaro,Montes,,,,,2.1,,,,,4,6,16,-14,-20,-48
684,665832,Sea,Gabriel,Gonzalez,,,,,2.1,,,,,-4,-6,-11,8,14,24
685,682729,Sea,Jonaton,Clase,,,,,2.1,,,,,4,6,16,-14,-20,-48
686,657089,Sea,Logan,Warmoth,,,,,2.1,,,,,-4,-6,-11,8,14,24
687,687799,Sea,Cade,Marlowe,,,,,2.1,,,,,4,6,16,-14,-20,-48
688,679754,Sea,Alberto,Rodriguez,,,,,2.1,,,,,4,6,16,-14,-20,-48
689,687957,Tex,Dustin,Harris,,,,,2.1,,,,,4,6,16,-14,-20,-48
690,694497,Tex,Evan,Carter,,,,,2.1,,,,,4,6,16,-14,-20,-48
691,703152,Tex,Anthony,Gutierrez,,,,,2.1,,,,,-4,-6,-11,8,14,24
692,683447,Tor,Gabriel,Martinez,,,,,2.1,,,,,-4,-6,-11,8,14,24
693,672018,Tor,Dasan,Brown,,,,,2.1,,,,,-4,-6,-11,8,14,24
694,694175,Hou,Pedro,Leon,,,,,2.1,,,,,-4,-6,-11,8,14,24
695,683145,Hou,Colin,Barber,,,,,2.1,,,,,4,6,16,-14,-20,-48
696,687551,Hou,Drew(round/1/2022/MLB/draft),Gilbert,,,,,2.1,,,,,4,6,16,-14,-20,-48
697,689200,Hou,Jacob(round/2/2022/MLB/draft),Melton,,,,,2.1,,,,,4,6,16,-14,-20,-48
698,677342,TB,Brock(round/2/2022/MLB/draft),Jones,,,,,2.1,,,,,4,6,16,-14,-20,-48
699,687071,TB,Shane,Sasaki,,,,,2.1,,,,,-4,-6,-11,8,14,24
700,687020,TB,Mason,Auer,,,,,2.1,,,,,-4,-6,-11,8,14,24
701,660271,LAA,Shohei,Ohtani-H,,,,,,,,,,2,8,5,-5,-20,-12
702,408234,Det,Miguel,Cabrera,,,,,,,,,,-5,-10,-6,13,24,15
703,596115,Bos,Trevor(out/until/July?),Story,,4.26,,,,,,,,-7,-8,-23,18,20,57
704,521230,ChA,Liam(illness/out/until/5-23?),Hendriks,,,,,,,,,,,,,,,
705,547943,Tor,Hyun-Jin(out/until/7-23?),Ryu,,,,,,,,,,,,,,,
706,669358,TB,Shane(out/2023),Baz,,,,,,,,,,,,,,,
707,669373,Det,Tarik(out/until/6-23?),Skubal,,,,,,,,,,,,,,,
708,663978,Min,Chris(out/until/9-23?),Paddack,,,,,,,,,,,,,,,
709,663554,Det,Casey(out/until/9-23?),Mize,,,,,,,,,,,,,,,
710,661563,NYA,Luis(out/until/7-23?),Gil,,,,,,,,,,,,,,,
711,664123,NYA,Scott(out/2023),Effross,,,,,,,,,,,,,,,
712,676979,ChA,Garrett(out/until/6-23?),Crochet,,,,,,,,,,,,,,,
713,668904,Min,Royce(out/until/7-23?),Lewis,,,,4.75,,,,,,-4,-7,-10,9,16,24
714,701648,Tex,Aaron(out/until/6-23?),Zavala,,,,,2.1,,,,,4,6,16,-14,-20,-48
715,670867,LAA,Kevin,Maitan,,,2.65,,,,,,,-8,-4,-7,18,11,16
716,614173,Bal,Franchy,Cordero,1.85,,,,2.07,,,,,4,5,13,-15,-18,-47
717,683690,Oak,Royber,Salinas,,,,,,,,,,,,,,,
718,681520,Tex,Antoine,Kelly,,,,,,,,,,,,,,,
719,691406,TB,Junior,Caminero,,,2.65,,,,,,,-4,-6,-11,8,14,24
720,691179,KC,Erick,Pena,,,,,2.1,,,,,4,6,16,-14,-20,-48
721,677593,Det,Luis(SS),Garcia(Det),,,,4.75,,,,,,-8,-4,-7,18,11,16
722,691188,Oak,Robert,Puason,,,,4.75,,,,,,-8,-4,-7,18,11,16
724,703609,Sea,Walter,Ford,,,,,,,,,,,,,,,
725,660613,Bos,Ronaldo,Hernandez,,,,,,0.49,0.16,0.5,0.16,-4,-6,-11,8,14,24
726,669386,Tex,Trevor,Hauver,,,,,2.1,,,,,4,6,16,-14,-20,-48
727,694218,Tex,Yeison,Morrobel,,,,,2.1,,,,,4,6,16,-14,-20,-48
728,425844,KC,Zack,Greinke,,,,,,,,,,,,,,,
729,693409,Bal,Cesar,Prieto,,4.25,,,,,,,,4,6,16,-14,-20,-48
730,682625,NYA,Antonio,Gomez,,,,,,0.49,0.16,0.5,0.16,-4,-6,-11,8,14,24
731,682126,TB,Evan,Reifert,,,,,,,,,,,,,,,
732,678362,Bos,Gilberto,Jimenez,,,,,2.1,,,,,-8,-4,-7,18,11,16
733,681715,TB,Heriberto,Hernandez,,,,,2.1,,,,,-4,-6,-11,8,14,24
734,453178,Tex,Ian,Kennedy,,,,,,,,,,,,,,,
735,656685,Tex,Brett(out/until/August/2023),Martin,,,,,,,,,,,,,,,
736,543238,Cle,Anthony(out/2023),Gose,,,,,,,,,,,,,,,
737,643338,Tor,Chad(out/until/8-23?),Green,,,,,,,,,,,,,,,
738,514917,Det,Cesar,Hernandez,,4.21,,,,,,,,-6,-5,-15,14,11,35
739,650331,Bal,Lewin,Diaz,1.88,,,,,,,,,4,7,16,-14,-24,-53
740,519293,Tex,Will,Smith(Tex),,,,,,,,,,,,,,,
741,691767,TB,Nick,Bitsko,,,,,,,,,,,,,,,
742,699044,Hou,Miguel,Ullola,,,,,,,,,,,,,,,
743,596142,-,Gary,Sanchez,,,,,,0.51,0.13,0.52,0.13,-2,-6,-6,4,13,15
744,675961,TB,Alika,Williams,,,,4.75,,,,,,-4,-6,-11,8,14,24
745,622110,KC,Matt,Duffy,1.87,,2.67,,,,,,,-1,-5,-5,2,10,11
746,571800,Tor,Drew,Hutchison,,,,,,,,,,,,,,,
747,681810,LAA,Austin,Warren,,,,,,,,,,,,,,,
748,680743,Oak,Ryan,Cusick,,,,,,,,,,,,,,,
749,666931,LAA,Jared,Oliva,,,,,2.1,,,,,-5,-7,-12,11,16,26
750,670224,TB,Kameron,Misner,,,,,2.1,,,,,4,6,16,-14,-20,-48
751,694359,Bos,Nico,Kavadas,1.85,,,,,,,,,4,6,16,-14,-20,-48
752,665645,Det,Kervin,Castro,,,,,,,,,,,,,,,
753,656713,TB,Brendan(out/2023),McKay,,,,,,,,,,,,,,,
754,672078,Tor,Eric,Pardinho,,,,,,,,,,,,,,,
755,668716,KC,Noah,Murdock,,,,,,,,,,,,,,,
756,677945,Cle,Ethan,Hankins,,,,,,,,,,,,,,,
757,693306,Min,Aaron,Sabato,1.85,,,,,,,,,-4,-6,-11,8,14,24
758,686577,Min,Keoni,Cavaco,,,,4.75,,,,,,-4,-6,-11,8,14,24
759,670056,Cle,Caleb,Baragar,,,,,,,,,,,,,,,
760,641793,Tex,Zack,Littell,,,,,,,,,,,,,,,
761,606132,Bos,Raimel,Tapia,,,,,2.08,,,,,1,4,12,-5,-13,-39
762,519043,LAA,Matt,Moore,,,,,,,,,,,,,,,
763,675448,TB,Blake,Hunt,,,,,,0.49,0.16,0.5,0.16,-4,-6,-11,8,14,24
764,665947,Tex,Sherten,Apostel,,,2.65,,,,,,,-4,-6,-11,8,14,24
765,644374,Bos,Yu,Chang,,4.27,,,,,,,,0,0,0,0,1,-1
766,543257,Tex,Robbie,Grossman,,,,,2.05,,,,,-17,-16,-20,40,37,48
767,614177,KC,Franmil,Reyes,,,,,,,,,,-3,-7,-8,7,17,19
768,685410,Cle,Peyton,Battenfield,,,,,,,,,,,,,,,
769,462101,ChA,Elvis,Andrus,,,,4.7,,,,,,0,-3,-4,0,6,9
770,702283,Tor,Tucker,Toman,,,2.65,,,,,,,-8,-4,-7,18,11,16
771,683764,Min,Matt(out/2023),Canterino,,,,,,,,,,,,,,,
772,806958,Sea,Felnin,Celesten,,,,4.75,,,,,,-8,-4,-7,18,11,16
773,807002,Sea,Jeter,Martinez,,,,,,,,,,,,,,,
774,703197,Sea,Michael,Arroyo,,,2.65,,,,,,,-4,-6,-11,8,14,24
775,691185,Tex,Maximo,Acosta,,,,4.75,,,,,,-4,-6,-11,8,14,24
776,693855,TB,Ian(out/until/8-23?),Seymour,,,,,,,,,,,,,,,
777,694341,NYA,Brendan,Beck,,,,,,,,,,,,,,,
778,693309,Cle,Isaiah,Greene,,,,,2.1,,,,,4,6,16,-14,-20,-48
779,668853,TB,Austin,Shenton,,,2.65,,,,,,,4,6,16,-14,-20,-48
780,683352,Tex,Mitch,Bratt,,,,,,,,,,,,,,,
781,703607,Oak,Henry(round/2/2022/MLB/draft),Bolte,,,,,2.1,,,,,-4,-6,-11,8,14,24
782,688869,Hou,Justin,Dirden,,,,,2.1,,,,,4,6,16,-14,-20,-48
783,683155,Oak,Joey,Estes,,,,,,,,,,,,,,,
784,695692,TB,Cooper,Kinney,,4.25,,,,,,,,4,6,16,-14,-20,-48
785,694367,NYA,Justin,Lange,,,,,,,,,,,,,,,
786,699697,Sea,Juan,Pinto,,,,,,,,,,,,,,,
787,683061,NYA,Alexander,Vargas,,,,4.75,,,,,,-8,-4,-7,18,11,16
788,686831,TB,Colby(out/until/7-23?),White,,,,,,,,,,,,,,,
789,682624,TB,Sandy,Gaston,,,,,,,,,,,,,,,
791,543548,Sea,Tommy,Milone,,,,,,,,,,,,,,,
792,686751,Bal,Seth(out/until/9-23?),Johnson,,,,,,,,,,,,,,,
793,669142,Cle,Tanner,Burns,,,,,,,,,,,,,,,
794,671271,NYA,Jeisson,Rosario,,,,,2.1,,,,,4,6,16,-14,-20,-48
795,678013,Cle,Lenny,Torres,,,,,,,,,,,,,,,
796,691020,Cle,Carson,Tucker,,,,4.75,,,,,,-4,-6,-11,8,14,24
797,669398,Det,Gage,Workman,,,,4.75,,,,,,-8,-4,-7,18,11,16
798,674674,KC,T.J.,Sikkema,,,,,,,,,,,,,,,
799,607968,Oak,Drew,Rucinski,,,,,,,,,,,,,,,
800,679881,Tex,JulioPablo,Martinez,,,,,2.1,,,,,4,6,16,-14,-20,-48
4001,642772,ChA,LuisAlexander,Basabe,,,,,2.1,,,,,-8,-4,-7,18,11,16
4002,692497,Tor,Estiven,Machado,,,,4.75,,,,,,-8,-4,-7,18,11,16
4003,672823,Tor,Sebastian,Espino,,,,,2.1,,,,,-4,-6,-11,8,14,24
4004,646242,LAA,Jhonathan,Diaz,,,,,,,,,,,,,,,
4005,592254,Min,Jose,DeLeon,,,,,,,,,,,,,,,
4006,702693,Cle,Jaison,Chourio,,,,,2.1,,,,,-8,-4,-7,18,11,16
4009,658530,Det,Franklin,Perez,,,,,,,,,,,,,,,
4010,620453,Bos,Deivy,Grullon,,,,,,0.49,0.16,0.5,0.16,-4,-6,-11,8,14,24
4011,678006,Bos,Nick,Decker,,,,,2.1,,,,,4,6,16,-14,-20,-48
4012,664687,Bos,Durbin,Feltman,,,,,,,,,,,,,,,
4013,622100,LAA,Taylor,Jones,1.85,,,,,,,,,-7,-9,-14,16,20,32
4014,594777,Sea,Kole,Calhoun,,,,,2.06,,,,,5,7,14,-17,-22,-46
4015,642456,LAA,Luis,Barrera,,,,,2.08,,,,,5,6,14,-16,-20,-46
4016,661383,Min,Oliver,Ortega,,,,,,,,,,,,,,,
4017,456781,Min,Donovan,Solano,1.85,4.17,,,,,,,,-6,-5,-16,13,12,35
4018,592325,TB,Ben,Gamel,,,,,2.09,,,,,7,12,21,-21,-37,-60
4019,650489,Min,Willi,Castro,,,,4.69,2.11,,,,,-11,-5,-9,25,13,22
4020,622682,ChA,Victor,Reyes,,,,,2.1,,,,,-8,-6,-7,18,15,17
4021,543766,ChA,Bryan,Shaw,,,,,,,,,,,,,,,
4022,672016,Oak,Denzel,Clarke,,,,,2.1,,,,,-4,-6,-11,8,14,24
4024,672773,Tor,Elvis,Luciano,,,,,,,,,,,,,,,
4025,694484,Bal,Max(round/2/2022/MLB/draft),Wagner,,,2.65,,,,,,,-4,-6,-11,8,14,24
4026,676637,Bal,Phoenix,Sanders,,,,,,,,,,,,,,,
4027,703160,Min,Yasser,Mercedes,,,,,2.1,,,,,-4,-6,-11,8,14,24
4028,641684,NYA,Michael,Hermosillo,,,,,2.15,,,,,-3,-6,-8,6,13,18
4029,666152,Bos,David,Hamilton,,,,4.75,,,,,,4,6,16,-14,-20,-48
4030,594987,Sea,Casey,Sadler,,,,,,,,,,,,,,,
4031,685313,NYA,Elijah,Dunham,,,,,2.1,,,,,4,6,16,-14,-20,-48
4032,640449,Tex,Jackson(Clint),Frazier,,,,,2.07,,,,,-3,-9,-5,7,18,10
4033,695001,Hou,Alimber,Santa,,,,,,,,,,,,,,,
4035,605538,Det,Matt,Wisler,,,,,,,,,,,,,,,
4036,665953,NYA,Andres,Chaparro,,,2.65,,,,,,,-4,-6,-11,8,14,24
4037,692046,Sea,Axel,Sanchez,,,,4.75,,,,,,-4,-6,-11,8,14,24
4038,681370,Bal,Hudson,Haskin,,,,,2.1,,,,,-4,-6,-11,8,14,24
4040,682751,Tex,Jeferson,Espinal,,,,,2.1,,,,,4,6,16,-14,-20,-48
4041,694812,Bos,Tyler,McDonough,,4.25,,,,,,,,-8,-4,-7,18,11,16
4043,672810,Hou,Jairo,Solis,,,,,,,,,,,,,,,
4044,680951,Cle,Doug,Nikhazy,,,,,,,,,,,,,,,
4045,542364,NYA,Rafael,Ortega,,,,,2.13,,,,,9,7,21,-33,-28,-84
4046,642496,ChA,Emilio,Vargas,,,,,,,,,,,,,,,
4047,682945,Oak,Luis,Morales,,,,,,,,,,,,,,,
4048,806962,Tor,Enmanuel,Bonilla,,,,,2.1,,,,,-4,-6,-11,8,14,24
4049,680732,ChA,Sean,Burke,,,,,,,,,,,,,,,
4050,682790,Bos,Wikelman,Gonzalez,,,,,,,,,,,,,,,
4051,672761,Det,Wenceel,Perez,,4.25,,,,,,,,-8,-4,-7,18,11,16
4052,695391,Oak,Brett,Harris,,,2.65,,,,,,,-4,-6,-11,8,14,24
4053,671732,Oak,Lawrence,Butler,,,,,2.1,,,,,4,6,16,-14,-20,-48
4054,806963,NYA,Brandon,Mayea,,,,,2.1,,,,,-4,-6,-11,8,14,24
4055,681962,Tor,Vinny,Capra,,,,4.75,,,,,,-4,-7,-10,8,15,22
4056,408226,Cle,Juan,Brito,,4.25,,,,,,,,-8,-4,-7,18,11,16
4057,664334,LAA,Aaron,Whitefield,,,,,2.1,,,,,-4,-6,-10,8,13,24
4058,572096,Det,Trevor,Rosenthal,,,,,,,,,,,,,,,
4059,642759,Tor,Julian,Fernandez,,,,,,,,,,,,,,,
4060,696522,Tor,Hayden,Juenger,,,,,,,,,,,,,,,
4061,641470,Cle,Zack,Collins,,,,,,0.58,0.17,0.59,0.17,4,6,17,-14,-20,-52
4063,518633,Tex,Danny,Duffy,,,,,,,,,,,,,,,
4064,,Min,Jose,Rodriguez(Min),,,,,2.1,,,,,-4,-6,-11,8,14,24
4065,675648,Oak,Austin,Beck,,,,,2.1,,,,,-4,-6,-11,8,14,24
4066,641432,NYA,Willie,Calhoun,,,,,2.04,,,,,3,5,10,-8,-16,-33
4067,,Det,Dylan,Smith,,,,,,,,,,,,,,,
4068,,ChA,Jonathan,Cannon,,,,,,,,,,,,,,,
4069,683010,ChA,Matthew,Thompson,,,,,,,,,,,,,,,
4070,,ChA,Jordan,Sprinkle,,,,4.75,,,,,,-4,-6,-11,8,14,24
4071,,Bos,Chris,Murphy,,,,,,,,,,,,,,,
4072,,Bos,Roman,Anthony,,,,,2.1,,,,,4,6,16,-14,-20,-48
4073,,Bos,Wilyer,Abreu,,,,,2.1,,,,,4,6,16,-14,-20,-48
4074,,LAA,Werner,Blakely,,,2.65,,,,,,,4,6,16,-14,-20,-48
4075,,NYA,Keiner,Delgado,,,,4.75,,,,,,-8,-4,-7,18,11,16
4076,,NYA,Jhony,Brito,,,,,,,,,,,,,,,
1001,645261,Mia,Sandy,Alcantara,,,,,,,,,,,,,,,
1002,605400,Phi,Aaron,Nola,,,,,,,,,,,,,,,
1003,571945,StL,Miles,Mikolas,,,,,,,,,,,,,,,
1004,669203,Mil,Corbin,Burnes,,,,,,,,,,,,,,,
1005,518876,Ari,Merrill,Kelly,,,,,,,,,,,,,,,
1006,506433,SD,Yu,Darvish,,,,,,,,,,,,,,,
1007,657277,SF,Logan,Webb,,,,,,,,,,,,,,,
1008,425794,StL,Adam,Wainwright,,,,,,,,,,,,,,,
1009,608331,Atl,Max,Fried,,,,,,,,,,,,,,,
1010,668678,Ari,Zac,Gallen,,,,,,,,,,,,,,,
1011,608566,Col,German,Marquez,,,,,,,,,,,,,,,
1012,605397,SD,Joe,Musgrove,,,,,,,,,,,,,,,
1013,657140,Atl,Kyle,Wright,,,,,,,,,,,,,,,
1014,656756,StL,Jordan,Montgomery,,,,,,,,,,,,,,,
1015,592791,ChN,Jameson,Taillon,,,,,,,,,,,,,,,
1016,434378,NYN,Justin,Verlander,,,,,,,,,,,,,,,
1017,628711,LAD,Julio,Urias,,,,,,,,,,,,,,,
1018,607536,Col,Kyle,Freeland,,,,,,,,,,,,,,,
1019,450203,Atl,Charlie,Morton,,,,,,,,,,,,,,,
1020,500779,NYN,Jose,Quintana,,,,,,,,,,,,,,,
1021,656605,Pit,Mitch,Keller,,,,,,,,,,,,,,,
1022,518516,Ari,Madison,Bumgarner,,,,,,,,,,,,,,,
1023,641778,Mil,Eric,Lauer,,,,,,,,,,,,,,,
1024,456501,Mia,Johnny,Cueto,,,,,,,,,,,,,,,
1025,640455,SF,Sean,Manaea,,,,,,,,,,,,,,,
1026,592836,Phi,Taijuan,Walker,,,,,,,,,,,,,,,
1027,624133,Phi,Ranger,Suarez,,,,,,,,,,,,,,,
1028,605540,Mil,Brandon,Woodruff,,,,,,,,,,,,,,,
1029,554430,Phi,Zack,Wheeler,,,,,,,,,,,,,,,
1030,571578,Was,Patrick,Corbin,,,,,,,,,,,,,,,
1031,471911,NYN,Carlos,Carrasco,,,,,,,,,,,,,,,
1032,502171,SF,Alex,Cobb,,,,,,,,,,,,,,,
1033,680686,Was,Josiah,Gray,,,,,,,,,,,,,,,
1034,453286,NYN,Max,Scherzer,,,,,,,,,,,,,,,
1035,664141,Pit,JT,Brubaker,,,,,,,,,,,,,,,
1036,641712,StL,Dakota,Hudson,,,,,,,,,,,,,,,
1037,573186,ChN,Marcus,Stroman,,,,,,,,,,,,,,,
1038,592789,LAD,Noah,Syndergaard,,,,,,,,,,,,,,,
1039,605200,Ari,Zach,Davies,,,,,,,,,,,,,,,
1040,548389,SF,Ross,Stripling,,,,,,,,,,,,,,,
1041,675911,Atl,Spencer,Strider,,,,,,,,,,,,,,,
1042,622072,SF,Alex,Wood,,,,,,,,,,,,,,,
1043,664062,LAD,Tony,Gonsolin,,,,,,,,,,,,,,,
1044,605483,SD,Blake,Snell,,,,,,,,,,,,,,,
1045,477132,LAD,Clayton,Kershaw,,,,,,,,,,,,,,,
1046,668881,Cin,Hunter,Greene,,,,,,,,,,,,,,,
1047,596295,Col,Austin,Gomber,,,,,,,,,,,,,,,
1048,448179,Pit,Rich,Hill,,,,,,,,,,,,,,,
1049,657006,ChN,Justin,Steele,,,,,,,,,,,,,,,
1050,669060,Mil,Bryse,Wilson,,,,,,,,,,,,,,,
1051,624522,ChN,Keegan,Thompson,,,,,,,,,,,,,,,
1052,502179,Was,Paolo,Espino,,,,,,,,,,,,,,,
1053,596001,SF,Jakob,Junis,,,,,,,,,,,,,,,
1054,666120,Atl,Ian,Anderson,,,,,,,,,,,,,,,
1055,669467,StL,Andre,Pallante,,,,,,,,,,,,,,,
1056,676879,Mil,Aaron,Ashby,,,,,,,,,,,,,,,
1057,669432,Mia,Trevor,Rogers,,,,,,,,,,,,,,,
1058,592767,ChN,Drew,Smyly,,,,,,,,,,,,,,,
1059,607259,SD,Nick,Martinez,,,,,,,,,,,,,,,
1060,656849,NYN,David,Peterson,,,,,,,,,,,,,,,
1061,668933,Cin,Graham,Ashcraft,,,,,,,,,,,,,,,
1062,592716,ChN,Adrian,Sampson,,,,,,,,,,,,,,,
1063,666157,Cin,Nick,Lodolo,,,,,,,,,,,,,,,
1064,605288,Mil,Adrian,Houser,,,,,,,,,,,,,,,
1065,666200,Mia,Jesus,Luzardo,,,,,,,,,,,,,,,
1066,663372,Col,Ryan,Feltner,,,,,,,,,,,,,,,
1067,570632,Col,Jose,Urena,,,,,,,,,,,,,,,
1068,672710,Pit,Roansy,Contreras,,,,,,,,,,,,,,,
1069,622608,Col,Antonio,Senzatela,,,,,,,,,,,,,,,
1070,592866,Was,Trevor,Williams,,,,,,,,,,,,,,,
1071,666129,Mia,Braxton,Garrett,,,,,,,,,,,,,,,
1072,541640,Was,Erasmo,Ramirez,,,,,,,,,,,,,,,
1073,543294,ChN,Kyle,Hendricks,,,,,,,,,,,,,,,
1074,663559,Phi,Bailey,Falter,,,,,,,,,,,,,,,
1075,570666,Cin,Luis,Cessa,,,,,,,,,,,,,,,
1076,642547,Mil,Freddy,Peralta,,,,,,,,,,,,,,,
1077,592826,Pit,Vince,Velasquez,,,,,,,,,,,,,,,
1078,608328,Pit,Chase,DeJong,,,,,,,,,,,,,,,
1079,665795,Mia,Edward,Cabrera,,,,,,,,,,,,,,,
1080,669920,Mil,Jason,Alexander,,,,,,,,,,,,,,,
1081,669022,Was,MacKenzie,Gore,,,,,,,,,,,,,,,
1082,656793,Phi,Nick,Nelson,,,,,,,,,,,,,,,
1083,605154,SF,John,Brebbia,,,,,,,,,,,,,,,
1084,622503,SD,Nabil,Crismatt,,,,,,,,,,,,,,,
1085,672851,Was,Joan,Adon,,,,,,,,,,,,,,,
1086,622694,NYN,Elieser,Hernandez,,,,,,,,,,,,,,,
1087,663855,StL,Jordan,Hicks,,,,,,,,,,,,,,,
1088,665665,Cin,Reiver,Sanmartin,,,,,,,,,,,,,,,
1089,670912,Pit,Johan,Oviedo,,,,,,,,,,,,,,,
1090,606303,Mil,Joel,Payamps,,,,,,,,,,,,,,,
1091,693821,Atl,Bryce,Elder,,,,,,,,,,,,,,,
1092,623451,Atl,Jackson,Stephens,,,,,,,,,,,,,,,
1093,663765,StL,Jake,Woodford,,,,,,,,,,,,,,,
1094,571927,StL,Steven,Matz,,,,,,,,,,,,,,,
1095,676265,Was,Cory,Abbott,,,,,,,,,,,,,,,
1096,656731,NYN,Tylor,Megill,,,,,,,,,,,,,,,
1097,674072,Ari,Tommy,Henry,,,,,,,,,,,,,,,
1098,667297,Mia,Tommy,Nance,,,,,,,,,,,,,,,
1099,669674,SF,Sam,Long,,,,,,,,,,,,,,,
1100,650911,Phi,Cristopher,Sanchez,,,,,,,,,,,,,,,
1101,665871,ChN,Javier,Assad,,,,,,,,,,,,,,,
1102,489119,Mil,Wade,Miley,,,,,,,,,,,,,,,
1103,669459,Ari,Kyle,Nelson,,,,,,,,,,,,,,,
1104,686752,LAD,Ryan,Pepiot,,,,,,,,,,,,,,,
1105,656427,StL,Jack,Flaherty,,,,,,,,,,,,,,,
1106,596133,Cin,Luke,Weaver,,,,,,,,,,,,,,,
1107,641447,Mia,Daniel,Castano,,,,,,,,,,,,,,,
1108,657571,LAD,Caleb,Ferguson,,,,,,,,,,,,,,,
1109,669461,StL,Matthew,Liberatore,,,,,,,,,,,,,,,
1110,668868,StL,Zack,Thompson,,,,,,,,,,,,,,,
1111,670970,SD,Adrian,Morejon,,,,,,,,,,,,,,,
1112,656818,Cin,Connor,Overton,,,,,,,,,,,,,,,
1113,669713,ChN,Hayden,Wesneski,,,,,,,,,,,,,,,
1114,659275,Col,Dinelson,Lamet,,,,,,,,,,,,,,,
1115,676050,StL,Packy,Naughton,,,,,,,,,,,,,,,
1116,643290,Cin,Justin,Dunn,,,,,,,,,,,,,,,
1117,669160,LAD,Dustin,May,,,,,,,,,,,,,,,
1118,675627,LAD,Michael,Grove,,,,,,,,,,,,,,,
1119,663546,SF,Sean,Hjelle,,,,,,,,,,,,,,,
1120,686753,Ari,Drey,Jameson,,,,,,,,,,,,,,,
1121,608638,Mia,JT,Chargois,,,,,,,,,,,,,,,
1122,656686,Ari,Corbin,Martin,,,,,,,,,,,,,,,
1123,663465,Atl,Kolby,Allard,,,,,,,,,,,,,,,
1124,543101,SF,Anthony,DeSclafani,,,,,,,,,,,,,,,
1125,657756,Col,Connor,Seabold,,,,,,,,,,,,,,,
1126,669194,Ari,Ryne,Nelson,,,,,,,,,,,,,,,
1127,518397,SF,Scott,Alexander,,,,,,,,,,,,,,,
1128,666818,Ari,Luis,Frias,,,,,,,,,,,,,,,
1129,668941,StL,JoJo,Romero,,,,,,,,,,,,,,,
1130,682847,Pit,Luis,Ortiz(Pit),,,,,,,,,,,,,,,
1131,663378,SF,Thomas,Szapucki,,,,,,,,,,,,,,,
1132,518585,Cin,Fernando,Cruz,,,,,,,,,,,,,,,
1133,663753,SD,Reiss,Knehr,,,,,,,,,,,,,,,
1134,640470,ChN,Adbert,Alzolay,,,,,,,,,,,,,,,
1135,668873,ChN,Caleb,Kilian,,,,,,,,,,,,,,,
1136,668338,Mil,Tyson,Miller,,,,,,,,,,,,,,,
1137,656578,LAD,Andre,Jackson,,,,,,,,,,,,,,,
1138,664942,StL,James,Naile,,,,,,,,,,,,,,,
1139,663947,Det,Tyler,Holton,,,,,,,,,,,,,,,
1140,656814,Phi,Luis,Ortiz(Phi),,,,,,,,,,,,,,,
1141,676083,Mil,Janson,Junk,,,,,,,,,,,,,,,
1142,674681,Phi,Michael,Plassmeyer,,,,,,,,,,,,,,,
1143,571946,LAD,Shelby,Miller,,,,,,,,,,,,,,,
1144,663629,Mil,Ethan,Small,,,,,,,,,,,,,,,
1145,672839,Phi,Francisco,Morales,,,,,,,,,,,,,,,
1146,544931,Was,Stephen,Strasburg,,,,,,,,,,,,,,,
1147,676917,Was,Cade,Cavalli,,,,,,,,,,,,,,,
1148,658648,SD,Pedro,Avila,,,,,,,,,,,,,,,
1149,676130,NYN,Jose,Butto,,,,,,,,,,,,,,,
1150,677960,SD,Ryan,Weathers,,,,,,,,,,,,,,,
1151,673904,StL,Jake,Walsh,,,,,,,,,,,,,,,
1152,641743,ChN,Anthony,Kay,,,,,,,,,,,,,,,
1153,673258,SD,Michel,Baez,,,,,,,,,,,,,,,
1154,663562,Col,Noah,Davis,,,,,,,,,,,,,,,
1155,664192,NYN,Joey,Lucchesi,,,,,,,,,,,,,,,
1156,647336,Atl,Mike,Soroka,,,,,,,,,,,,,,,
1157,663567,Col,Peter,Lambert,,,,,,,,,,,,,,,
1158,664350,Mia,Sixto,Sanchez,,,,,,,,,,,,,,,
1159,668968,Phi,Hans,Crouse,,,,,,,,,,,,,,,
1160,641703,SD,Brent,Honeywell,,,,,,,,,,,,,,,
1161,694819,Mil,Jacob(round/2/2022/MLB/draft),Misiorowski,,,,,,,,,,,,,,,
1162,681402,Mil,Gus,Varland,,,,,,,,,,,,,,,
1163,694363,Atl,Jared,Shuster,,,,,,,,,,,,,,,
1164,680767,Atl,Victor,Vodnik,,,,,,,,,,,,,,,
1165,680885,Atl,Spencer,Schwellenbach,,,,,,,,,,,,,,,
1166,,-,Really,AL#717,,,,,,,,,,,,,,,
1167,702566,Atl,Owen(round/1/2022/MLB/draft),Murphy,,,,,,,,,,,,,,,
1168,702275,Atl,J.R.(round/1C/2022/MLB/draft),Ritchie,,,,,,,,,,,,,,,
1169,702551,Atl,Cole(round/2/2022/MLB/draft),Phillips,,,,,,,,,,,,,,,
1170,670241,Atl,Darius,Vines,,,,,,,,,,,,,,,
1171,700363,Atl,AJ,Smith-Shawver,,,,,,,,,,,,,,,
1172,682610,Atl,Roddery,Munoz,,,,,,,,,,,,,,,
1173,696136,ChN,Jordan,Wicks,,,,,,,,,,,,,,,
1174,686754,ChN,Ryan,Jensen,,,,,,,,,,,,,,,
1175,687792,ChN,D.J.,Herz,,,,,,,,,,,,,,,
1176,690990,ChN,Cade(round/1/2022/MLB/draft),Horton,,,,,,,,,,,,,,,
1177,701328,ChN,Jackson(round/2/2022/MLB/draft),Ferris,,,,,,,,,,,,,,,
1178,676962,ChN,Ben,Brown,,,,,,,,,,,,,,,
1179,682227,Cin,Brandon,Williamson,,,,,,,,,,,,,,,
1180,686651,Cin,Levi,Stoudt,,,,,,,,,,,,,,,
1181,680689,Cin,Lyon,Richardson,,,,,,,,,,,,,,,
1182,671096,Cin,Andrew,Abbott,,,,,,,,,,,,,,,
1183,683175,Cin,Connor,Phillips,,,,,,,,,,,,,,,
1184,676272,LAD,Bobby,Miller,,,,,,,,,,,,,,,
1185,691772,LAD,Maddux,Bruns,,,,,,,,,,,,,,,
1186,689017,LAD,Landon,Knack,,,,,,,,,,,,,,,
1187,680897,LAD,Nick,Nastrini,,,,,,,,,,,,,,,
1188,694813,LAD,Gavin,Stone,,,,,,,,,,,,,,,
1189,663658,Was,Thad,Ward,,,,,,,,,,,,,,,
1190,671131,Was,Jackson,Rutledge,,,,,,,,,,,,,,,
1191,691251,Was,Andry,Lara,,,,,,,,,,,,,,,
1192,672629,Was,Gerardo,Carrillo,,,,,,,,,,,,,,,
1193,703186,Was,Jarlin,Susana,,,,,,,,,,,,,,,
1194,687562,Was,Jake(round/2/2022/MLB/draft),Bennett,,,,,,,,,,,,,,,
1195,682929,NYN,Matthew,Allan,,,,,,,,,,,,,,,
1196,683349,NYN,Calvin,Ziegler,,,,,,,,,,,,,,,
1197,699309,NYN,Joel,Diaz,,,,,,,,,,,,,,,
1198,694918,NYN,Blake(round/2/2022/MLB/draft),Tidwell,,,,,,,,,,,,,,,
1199,673540,NYN,Kodai,Senga,,,,,,,,,,,,,,,
1200,681891,NYN,Zach,Greene,,,,,,,,,,,,,,,
1201,690953,Phi,Mick,Abel,,,,,,,,,,,,,,,
1202,691725,Phi,Andrew,Painter,,,,,,,,,,,,,,,
1203,676046,Phi,Griff,McGarry,,,,,,,,,,,,,,,
1204,696143,Pit,Anthony,Solometo,,,,,,,,,,,,,,,
1205,696149,Pit,Bubba,Chandler,,,,,,,,,,,,,,,
1206,683003,Pit,Jared,Jones,,,,,,,,,,,,,,,
1207,681347,Pit,Mike,Burrows,,,,,,,,,,,,,,,
1208,802419,Pit,Thomas(round/1C/2022/MLB/draft),Harrington,,,,,,,,,,,,,,,
1209,682995,Pit,Hunter(out/until/7-23?),Barco,,,,,,,,,,,,,,,
1210,691559,Pit,Jose,Hernandez,,,,,,,,,,,,,,,
1211,700241,StL,Michael,McGreevy,,,,,,,,,,,,,,,
1212,700669,StL,Gordon,Graceffo,,,,,,,,,,,,,,,
1213,671162,StL,Connor,Thomas,,,,,,,,,,,,,,,
1214,693311,StL,Tink,Hence,,,,,,,,,,,,,,,
1215,687309,StL,Cooper(round/1/2022/MLB/draft),Hjerpe,,,,,,,,,,,,,,,
1216,802408,StL,Brycen(round/2/2022/MLB/draft),Mautz,,,,,,,,,,,,,,,
1217,681644,StL,Inohan,Paniagua,,,,,,,,,,,,,,,
1218,666130,SD,Jay,Groome,,,,,,,,,,,,,,,
1219,676903,SD,Noel,Vela,,,,,,,,,,,,,,,
1220,702266,SD,Dylan(round/1/2022/MLB/draft),Lesko,,,,,,,,,,,,,,,
1221,702281,SD,Robby(round/1C/2022/MLB/draft),Snelling,,,,,,,,,,,,,,,
1222,690986,SF,Kyle,Harrison,,,,,,,,,,,,,,,
1223,687218,SF,Will,Bednar,,,,,,,,,,,,,,,
1224,696131,SF,Mason,Black,,,,,,,,,,,,,,,
1225,686846,SF,Reggie(round/1/2022/MLB/draft),Crawford,,,,,,,,,,,,,,,
1226,687931,SF,Carson(round/2/2022/MLB/draft),Whisenhunt,,,,,,,,,,,,,,,
1227,669020,Col,Ryan,Rolison,,,,,,,,,,,,,,,
1228,677955,Col,Jaden,Hill,,,,,,,,,,,,,,,
1229,666207,Col,Riley,Pint,,,,,,,,,,,,,,,
1230,687312,Col,Gabriel(round/1/2022/MLB/draft),Hughes,,,,,,,,,,,,,,,
1231,702484,Col,Jackson(round/2/2022/MLB/draft),Cox,,,,,,,,,,,,,,,
1232,690978,Mia,Daxton,Fulton,,,,,,,,,,,,,,,
1233,671109,Mia,Jake,Eder,,,,,,,,,,,,,,,
1234,691587,Mia,Eury,Perez,,,,,,,,,,,,,,,
1235,702571,Mia,Jacob(round/2/2022/MLB/draft),Miller,,,,,,,,,,,,,,,
1236,677944,Ari,Slade,Cecconi,,,,,,,,,,,,,,,
1237,686786,Ari,Blake,Walston,,,,,,,,,,,,,,,
1238,694297,Ari,Brandon,Pfaadt,,,,,,,,,,,,,,,
1239,683085,Ari,Landon(round/1C/2022/MLB/draft),Sims,,,,,,,,,,,,,,,
1240,640444,Pit,Wil,Crowe,,,,,,,,,,,,,,,
1241,643511,SF,Tyler,Rogers,,,,,,,,,,,,,,,
1242,621345,Atl,A.J.,Minter,,,,,,,,,,,,,,,
1243,543521,Atl,Collin,McHugh,,,,,,,,,,,,,,,
1244,666808,SF,Camilo,Doval,,,,,,,,,,,,,,,
1245,608718,Col,Brent,Suter,,,,,,,,,,,,,,,
1246,640448,Was,Kyle,Finnegan,,,,,,,,,,,,,,,
1247,493603,NYN,Adam,Ottavino,,,,,,,,,,,,,,,
1248,607625,SD,Seth,Lugo,,,,,,,,,,,,,,,
1249,606424,Pit,Jarlin,Garcia,,,,,,,,,,,,,,,
1250,664854,StL,Ryan,Helsley,,,,,,,,,,,,,,,
1251,571948,Mil,Hoby,Milner,,,,,,,,,,,,,,,
1252,573124,SF,Taylor,Rogers,,,,,,,,,,,,,,,
1253,502202,ChN,Brad,Boxberger,,,,,,,,,,,,,,,
1254,592858,ChN,Rowan,Wick,,,,,,,,,,,,,,,
1255,502085,NYN,David,Robertson,,,,,,,,,,,,,,,
1256,664747,Cin,Alexis,Diaz,,,,,,,,,,,,,,,
1257,608717,StL,Chris,Stratton,,,,,,,,,,,,,,,
1258,623465,LAD,Evan,Phillips,,,,,,,,,,,,,,,
1259,656945,Mia,Tanner,Scott,,,,,,,,,,,,,,,
1260,628452,Atl,Raisel,Iglesias,,,,,,,,,,,,,,,
1261,621242,NYN,Edwin,Diaz,,,,,,,,,,,,,,,
1262,605218,Was,Carl,Edwards,,,,,,,,,,,,,,,
1263,472610,SD,Luis,Garcia(SD),,,,,,,,,,,,,,,
1264,641360,LAD,Phil,Bickford,,,,,,,,,,,,,,,
1265,642207,Mil,Devin,Williams,,,,,,,,,,,,,,,
1266,453268,Col,Daniel,Bard,,,,,,,,,,,,,,,
1267,642397,Phi,Gregory,Soto,,,,,,,,,,,,,,,
1268,518886,Phi,Craig,Kimbrel,,,,,,,,,,,,,,,
1269,573009,Ari,Joe,Mantiply,,,,,,,,,,,,,,,
1270,456713,Mil,Matt,Bush,,,,,,,,,,,,,,,
1271,606149,StL,Giovanny,Gallegos,,,,,,,,,,,,,,,
1272,642701,Min,Dennis,Santana,,,,,,,,,,,,,,,
1273,596112,Pit,Robert,Stephenson,,,,,,,,,,,,,,,
1274,669270,Cin,Joel,Kuhnel,,,,,,,,,,,,,,,
1275,676714,ChN,Brandon,Hughes,,,,,,,,,,,,,,,
1276,476595,Atl,Lucas,Luetge,,,,,,,,,,,,,,,
1277,621249,Pit,Duane,Underwood,,,,,,,,,,,,,,,
1278,641729,Atl,Joe,Jimenez,,,,,,,,,,,,,,,
1279,453343,Ari,Mark,Melancon,,,,,,,,,,,,,,,
1280,621074,ChN,Michael,Rucker,,,,,,,,,,,,,,,
1281,681911,LAD,Alex,Vesia,,,,,,,,,,,,,,,
1282,571479,Phi,Andrew,Bellatti,,,,,,,,,,,,,,,
1283,571670,Mia,Dylan,Floro,,,,,,,,,,,,,,,
1284,548384,NYN,Brooks,Raley,,,,,,,,,,,,,,,
1285,621051,SD,Steven,Wilson,,,,,,,,,,,,,,,
1286,670280,Pit,David,Bednar,,,,,,,,,,,,,,,
1287,595345,Mia,Steven,Okert,,,,,,,,,,,,,,,
1288,621237,Phi,Jose,Alvarado,,,,,,,,,,,,,,,
1289,622554,Phi,Seranthony,Dominguez,,,,,,,,,,,,,,,
1290,542947,Bos,Richard,Bleier,,,,,,,,,,,,,,,
1291,669276,Atl,Dylan,Lee,,,,,,,,,,,,,,,
1292,623352,SD,Josh,Hader,,,,,,,,,,,,,,,
1293,660813,LAD,Brusdar,Graterol,,,,,,,,,,,,,,,
1294,657612,SD,Tim,Hill,,,,,,,,,,,,,,,
1295,628708,Phi,Yunior,Marte,,,,,,,,,,,,,,,
1296,663158,SD,Robert,Suarez,,,,,,,,,,,,,,,
1297,656234,Col,Jake,Bird,,,,,,,,,,,,,,,
1298,571656,Cin,Buck,Farmer,,,,,,,,,,,,,,,
1299,622098,NYN,Drew,Smith,,,,,,,,,,,,,,,
1300,621381,Phi,Matt,Strahm,,,,,,,,,,,,,,,
1301,650893,StL,Genesis,Cabrera,,,,,,,,,,,,,,,
1302,641401,Phi,Connor,Brogdon,,,,,,,,,,,,,,,
1303,656458,Col,Lucas,Gilbreath,,,,,,,,,,,,,,,
1304,664875,Col,Justin,Lawrence,,,,,,,,,,,,,,,
1305,644364,Was,Victor,Arano,,,,,,,,,,,,,,,
1306,489334,SD,Craig,Stammen,,,,,,,,,,,,,,,
1307,607179,Was,Jordan,Weems,,,,,,,,,,,,,,,
1308,640451,Was,Hunter,Harvey,,,,,,,,,,,,,,,
1309,664294,Pit,Dauri,Moreta,,,,,,,,,,,,,,,
1310,670990,Pit,Yohan,Ramirez,,,,,,,,,,,,,,,
1311,664139,Cin,Ian,Gibaut,,,,,,,,,,,,,,,
1312,622075,LAD,Yency,Almonte,,,,,,,,,,,,,,,
1313,657265,Mil,Peter,Strzelecki,,,,,,,,,,,,,,,
1314,642121,Ari,Cole,Sulser,,,,,,,,,,,,,,,
1315,623211,Mia,Huascar,Brazoban,,,,,,,,,,,,,,,
1316,656464,Ari,Kevin,Ginkel,,,,,,,,,,,,,,,
1317,612434,Ari,Miguel,Castro,,,,,,,,,,,,,,,
1318,664092,SD,Sean,Poppen,,,,,,,,,,,,,,,
1319,670059,Pit,Colin,Holderman,,,,,,,,,,,,,,,
1320,657272,Phi,Erich,Uelmen,,,,,,,,,,,,,,,
1321,657240,ChN,Julian,Merryweather,,,,,,,,,,,,,,,
1322,660787,Pit,Yerry,DeLosSantos,,,,,,,,,,,,,,,
1323,666168,Was,Mason,Thompson,,,,,,,,,,,,,,,
1324,543339,LAD,Daniel,Hudson,,,,,,,,,,,,,,,
1325,641755,Col,Tyler,Kinley,,,,,,,,,,,,,,,
1326,656257,NYN,Jeff,Brigham,,,,,,,,,,,,,,,
1327,677865,LAD,Justin,Bruihl,,,,,,,,,,,,,,,
1328,668665,NYN,Stephen,Nogosek,,,,,,,,,,,,,,,
1329,572403,StL,Drew,VerHagen,,,,,,,,,,,,,,,
1330,571882,Cin,Derek,Law,,,,,,,,,,,,,,,
1331,663574,Cin,Tony,Santillan,,,,,,,,,,,,,,,
1332,642770,Mil,JavyA.,Guerra(Mil),,,,,,,,,,,,,,,
1333,665625,Mil,Elvis,Peguero,,,,,,,,,,,,,,,
1334,677053,Mia,Andrew,Nardi,,,,,,,,,,,,,,,
1335,572955,Col,Pierce,Johnson,,,,,,,,,,,,,,,
1336,655889,ChN,Manuel,Rodriguez,,,,,,,,,,,,,,,
1337,664776,Mil,Jake,Cousins,,,,,,,,,,,,,,,
1338,656322,NYN,Sam,Coonrod,,,,,,,,,,,,,,,
1339,607755,Phi,Andrew,Vasquez,,,,,,,,,,,,,,,
1340,681799,ChN,Ethan(out/until/9-23?),Roberts,,,,,,,,,,,,,,,
1341,489446,Atl,Kirby,Yates,,,,,,,,,,,,,,,
1342,668970,Col,Gavin,Hollowell,,,,,,,,,,,,,,,
1343,608371,Cin,Lucas,Sims,,,,,,,,,,,,,,,
1344,669093,ChN,Jeremiah,Estrada,,,,,,,,,,,,,,,
1345,686972,SF,Cole,Waites,,,,,,,,,,,,,,,
1346,678061,SD,Ray,Kerr,,,,,,,,,,,,,,,
1347,656755,NYN,Bryce,MontesdeOca,,,,,,,,,,,,,,,
1348,642048,Sea,Tayler,Saucedo,,,,,,,,,,,,,,,
1349,683232,Col,Nick,Mears,,,,,,,,,,,,,,,
1350,620454,SD,Jose,Castillo,,,,,,,,,,,,,,,
1351,519141,SD,Drew,Pomeranz,,,,,,,,,,,,,,,
1352,623433,Atl,Nick,Anderson,,,,,,,,,,,,,,,
1353,595928,NYN,John,Curtiss,,,,,,,,,,,,,,,
1354,622088,Cin,Tejay,Antone,,,,,,,,,,,,,,,
1355,624647,LAD,Victor,Gonzalez,,,,,,,,,,,,,,,
1356,676220,Atl,Seth,Elledge,,,,,,,,,,,,,,,
1357,543518,Ari,Scott,McGough,,,,,,,,,,,,,,,
1358,670050,NYN,Stephen,Ridings,,,,,,,,,,,,,,,
1359,516853,StL,Wilking,Rodriguez,,,,,,,,,,,,,,,
1360,669091,Was,Matt,Cronin,,,,,,,,,,,,,,,
1361,673111,SD,Jose,Lopez,,,,,,,,,,,,,,,
1362,663671,Mia,Nic,Enright,,,,,,,,,,,,,,,
1363,669221,Atl,Sean,Murphy,,,,,,0.41,0.16,0.41,0.16,0,-5,-6,-1,12,14
1364,669257,LAD,WillD.,Smith(LAD),,,,,,0.53,0.15,0.53,0.15,-3,-4,-3,7,11,8
1365,592663,Phi,J.T.,Realmuto,,,,,,0.36,0.17,0.36,0.17,1,-3,0,-2,7,0
1366,575929,StL,Willson,Contreras,,,,,,0.42,0.16,0.42,0.17,-4,-5,-18,10,11,43
1367,660688,Was,Keibert,Ruiz,,,,,,0.5,0.19,0.51,0.2,-6,-4,2,15,11,-4
1368,518595,Atl,Travis,D'Arnaud,,,,,,0.48,0.14,0.49,0.14,-8,-11,-14,21,29,37
1369,543592,SD,Austin,Nola,,,,,,0.54,0.12,0.55,0.12,-11,-10,-17,22,20,35
1370,607732,Mia,Jacob,Stallings,,,,,,0.5,0.15,0.51,0.15,2,-1,-3,-4,2,8
1371,553869,Col,Elias,Diaz,,,,,,0.44,0.18,0.44,0.18,-7,-8,-12,14,17,24
1372,661388,Mil,William,Contreras,,,,,,0.47,0.17,0.48,0.17,-8,-11,-14,19,27,34
1373,608348,Ari,Carson,Kelly,,,,,,0.49,0.15,0.49,0.15,-7,-9,-23,14,18,47
1374,595978,Pit,Austin,Hedges,,,,,,0.45,0.16,0.46,0.16,-3,-7,-12,7,17,29
1375,605170,Mil,Victor,Caratini,,,,,,0.52,0.15,0.52,0.15,-5,1,-1,11,-2,3
1376,571466,ChN,Tucker,Barnhart,,,,,,0.51,0.18,0.52,0.18,2,4,10,-7,-14,-34
1377,621512,NYN,Tomas,Nido,,,,,,0.47,0.19,0.48,0.2,-4,-7,-10,9,15,22
1378,553882,NYN,Omar,Narvaez,,,,,,0.54,0.16,0.54,0.16,7,9,18,-27,-32,-66
1379,668800,StL,Andrew,Knizner,,,,,,0.38,0.12,0.39,0.12,3,2,-4,-8,-5,10
1380,663698,SF,Joey,Bart,,,,,,0.53,0.16,0.53,0.16,-1,-3,-12,3,6,27
1381,543228,ChN,Yan,Gomes,,,,,,0.52,0.21,0.53,0.21,-8,-8,-23,19,17,50
1382,663743,Mia,Nick,Fortes,,,,,,0.51,0.18,0.52,0.18,-2,-4,-6,4,9,14
1383,605131,LAD,Austin,Barnes,,,,,,0.52,0.17,0.53,0.17,-1,-3,-8,2,7,18
1384,571912,Cin,Luke,Maile,,,,,,0.53,0.19,0.53,0.19,-8,-9,-14,19,21,33
1385,661531,Col,Brian,Serven,,,,,,0.56,0.17,0.57,0.17,-5,-7,-11,11,17,25
1386,663886,Cin,Tyler,Stephenson,,,,,,0.54,0.16,0.54,0.17,-5,-7,-9,10,15,20
1387,592200,Cin,Curt,Casali,,,,,,0.43,0.12,0.44,0.12,1,-3,-10,-2,6,23
1388,656180,Was,Riley,Adams,,,,,,0.59,0.16,0.6,0.16,1,1,-2,-3,-2,5
1389,596117,Phi,Garrett,Stubbs,,,,,,0.48,0.18,0.48,0.18,3,4,8,-8,-11,-25
1390,645444,Ari,Jose,Herrera,,,,,,0.48,0.19,0.48,0.2,-9,-6,-9,23,15,24
1391,672515,Ari,Gabriel,Moreno,,,,,,0.5,0.18,0.51,0.19,-4,-7,-9,9,15,21
1392,669134,SD,Luis,Campusano,,,,,,0.51,0.15,0.51,0.15,-5,-7,-11,11,16,25
1393,668721,Mil,Payton,Henry,,,,,,0.49,0.17,0.5,0.17,-3,-6,-9,8,13,21
1394,671056,StL,Ivan,Herrera,,,,,,0.48,0.16,0.49,0.16,-3,-6,-11,8,13,24
1395,672832,Was,Israel,Pineda,,,,,,0.49,0.16,0.5,0.17,-4,-6,-11,9,14,25
1396,682626,NYN,Francisco,Alvarez,,,,,,0.49,0.16,0.5,0.16,-3,-5,-9,7,11,20
1397,644433,Atl,Chadwick,Tromp,,,,,,0.51,0.16,0.51,0.16,-5,-7,-12,12,17,28
1398,665561,Phi,Rafael,Marchan,,,,,,0.47,0.17,0.48,0.17,-9,-5,-10,21,12,24
1399,691620,Mil,Jeferson,Quero,,,,,,0.49,0.16,0.5,0.16,-4,-6,-11,8,14,24
1400,665804,ChN,Miguel,Amaya,,,,,,0.49,0.16,0.5,0.16,-4,-6,-11,8,14,24
1401,683091,Cin,Logan(round/2/2022/MLB/draft),Tanner,,,,,,0.49,0.16,0.5,0.16,-4,-6,-11,8,14,24
1402,682616,LAD,Diego,Cartaya,,,,,,0.49,0.16,0.5,0.16,-4,-6,-11,8,14,24
1403,687221,LAD,Dalton(round/2/2022/MLB/draft),Rushing,,,,,,0.49,0.16,0.5,0.16,4,6,16,-14,-20,-48
1404,691006,NYN,Kevin(round/1/2022/MLB/draft),Parada,,,,,,0.49,0.16,0.5,0.16,-4,-6,-11,8,14,24
1405,694189,Phi,Rickardo,Perez,,,,,,0.49,0.16,0.5,0.16,4,6,16,-14,-20,-48
1406,680779,Pit,Henry,Davis,,,,,,0.49,0.16,0.5,0.16,-4,-6,-11,8,14,24
1407,682848,Pit,Endy,Rodriguez,,,,,,0.49,0.16,0.5,0.16,-8,-4,-7,18,11,16
1408,672275,SF,Patrick,Bailey,,,,,,0.49,0.16,0.5,0.16,-8,-4,-7,18,11,16
1409,666165,SF,Blake,Sabol,,,,,,0.49,0.16,0.5,0.16,4,6,16,-14,-20,-48
1410,691011,Col,Drew,Romo,,,,,,0.49,0.16,0.5,0.16,-8,-4,-7,18,11,16
1411,691788,Mia,Joe,Mack,,,,,,0.49,0.16,0.5,0.16,4,6,16,-14,-20,-48
1412,518692,LAD,Freddie,Freeman,1.83,,,,,,,,,8,13,19,-22,-37,-51
1413,621566,Atl,Matt,Olson,1.87,,,,,,,,,2,4,2,-5,-10,-5
1414,624413,NYN,Pete,Alonso,1.83,,,,,,,,,3,-5,-5,-7,11,12
1415,656555,Phi,Rhys,Hoskins,1.86,,,,,,,,,-6,-9,-18,14,22,43
1416,572233,Ari,Christian,Walker,1.93,,,,,,,,,-3,-8,-1,8,19,3
1417,502671,StL,Paul,Goldschmidt,1.87,,,,,,,,,-9,-11,-24,26,31,68
1418,543068,Col,C.J.,Cron,1.85,,,,,,,,,1,-1,-5,-2,2,11
1419,642133,Mil,Rowdy,Tellez,1.84,,,,,,,,,2,3,19,-7,-9,-65
1420,467793,Pit,Carlos,Santana,1.84,,,,,,,,,-16,-10,-9,39,24,22
1421,643265,Mia,Garrett,Cooper,1.85,,,,,,,,,-3,-3,-6,7,7,16
1422,543333,ChN,Eric,Hosmer,1.84,,,,,,,,,-1,6,9,2,-17,-24
1423,596847,Pit,Ji-Man,Choi,1.86,,,,,,,,,3,9,18,-9,-30,-59
1424,458015,Cin,Joey,Votto,1.86,,,,,,,,,7,8,26,-19,-21,-71
1425,669374,Mil,Keston,Hiura,1.86,,,,,,,,,2,0,3,-4,1,-7
1426,642086,Was,Dominic,Smith,1.85,,,,,,,,,-3,-2,6,9,6,-19
1427,669742,Phi,Darick,Hall,1.85,,,,,,,,,6,7,21,-19,-23,-68
1428,666179,Ari,Seth,Beer,1.83,,,,,,,,,2,5,11,-7,-14,-36
1429,669911,Col,Michael,Toglia,1.85,,,,,,,,,-6,-2,-6,15,6,14
1430,641525,SD,Brandon,Dixon,1.85,,,,,,,,,-3,-5,-9,6,11,21
1431,670223,ChN,Matt,Mervis,1.85,,,,,,,,,4,6,16,-14,-20,-48
1432,680693,Col,Grant,Lavigne,1.85,,,,,,,,,4,6,16,-14,-20,-48
1433,699471,Ari,Ivan(round/2/2022/MLB/draft),Melendez,1.85,,,,,,,,,-4,-6,-11,8,14,24
1434,630105,SD,Jake,Cronenworth,1.88,4.3,,,,,,,,3,6,11,-7,-16,-30
1435,650333,Mia,Luis,Arraez,1.88,4.25,,,,,,,,9,8,16,-29,-27,-53
1436,527038,SF,Wilmer,Flores(SF),1.85,4.2,2.61,,,,,,,-4,-4,-7,8,9,16
1437,643446,NYN,Jeff,McNeil,,4.23,,,2.08,,,,,3,4,19,-9,-12,-54
1438,663898,Col,Brendan,Rodgers,,4.33,,,,,,,,-10,-12,-28,22,26,63
1439,571970,LAD,Max,Muncy(LAD),,4.23,2.66,,,,,,,2,4,7,-5,-11,-20
1440,606466,Ari,Ketel,Marte,,4.27,,,,,,,,-13,-7,-24,31,18,58
1441,668942,Ari,Josh,Rojas,,4.24,2.66,,,,,,,3,4,12,-10,-13,-36
1442,666158,LAD,Gavin,Lux,,4.27,,,2.09,,,,,7,7,19,-20,-22,-59
1443,680977,StL,Brendan,Donovan,,4.25,2.68,,2.08,,,,,4,4,14,-15,-14,-47
1444,680911,Mil,Owen,Miller,1.85,4.26,,,,,,,,2,-2,-3,-3,3,6
1445,621035,LAD,Chris,Taylor,,4.24,,,2.11,,,,,-4,-6,-11,10,13,25
1446,663697,Cin,Jonathan,India,,4.21,,,,,,,,-5,-6,-3,12,16,6
1447,666624,ChN,Christopher,Morel,,4.24,,,2.14,,,,,1,-4,0,-1,8,-1
1448,542932,Mia,Jon,Berti,,4.28,2.68,,,,,,,1,-2,-8,-3,4,18
1449,516416,Mia,Jean,Segura,,4.24,,,,,,,,-6,-10,-21,14,23,48
1450,647351,Mil,Abraham,Toro,,4.22,2.68,,,,,,,-7,-6,6,16,13,-14
1451,641645,NYN,Luis,Guillorme,,4.27,2.68,,,,,,,7,9,19,-20,-26,-55
1452,669357,StL,Nolan,Gorman,,4.24,,,,,,,,3,4,15,-12,-13,-53
1453,666801,Pit,Rodolfo,Castro,,4.25,2.67,,,,,,,-10,-5,-20,23,13,47
1454,645277,Atl,Ozzie,Albies,,4.28,,,,,,,,-11,-5,-15,27,13,38
1455,665862,Mia,Jazz,Chisholm,,4.3,,,,,,,,7,10,20,-20,-31,-60
1456,606115,Atl,Orlando,Arcia,,4.28,,,,,,,,-3,-6,-6,7,13,15
1457,663611,ChN,Nick,Madrigal,,4.27,,,,,,,,-6,-7,-13,14,15,30
1458,656716,ChN,Zach,McKinstry,,4.25,2.66,,,,,,,3,4,15,-9,-13,-49
1459,672779,Pit,Tucupita,Marcano,,4.25,,,2.08,,,,,2,4,13,-7,-12,-39
1460,664670,Cin,Alejo,Lopez,,4.24,,,,,,,,-7,-4,-5,16,10,11
1461,687093,Atl,Vaughn,Grissom,,4.24,,,,,,,,-5,-8,-13,11,18,30
1462,665019,Phi,Kody,Clemens,,4.25,,,,,,,,1,4,7,-3,-12,-23
1463,671083,Ari,Buddy,Kennedy,,4.27,,,,,,,,-5,-7,-13,10,15,28
1464,678225,Pit,JiHwan,Bae,,4.25,,,,,,,,7,8,18,-21,-27,-56
1465,621011,SD,Max,Schrock,,4.25,,,,,,,,5,6,15,-18,-19,-51
1466,670156,ChN,Miles,Mastrobuoni,,4.25,,,,,,,,4,6,15,-13,-19,-46
1467,666703,SD,Eguy,Rosario,,4.25,,,,,,,,-4,-6,-11,8,13,24
1468,656371,SF,Isan,Diaz,,4.25,,,,,,,,6,9,21,-18,-27,-60
1469,672012,Mil,Tyler,Black,,4.25,,,,,,,,4,6,16,-14,-20,-48
1470,680589,Mil,Felix,Valerio,,4.25,,,,,,,,-4,-6,-11,8,14,24
1471,684852,Atl,Geraldo,Quintero,,4.25,,,,,,,,-8,-4,-7,18,11,16
1472,683737,LAD,Michael,Busch,,4.25,,,,,,,,4,6,16,-14,-20,-48
1473,678391,LAD,Jorbit,Vivas,,4.25,,,,,,,,4,6,16,-14,-20,-48
1474,693304,Pit,Nick,Gonzales,,4.25,,,,,,,,-4,-6,-11,8,14,24
1475,702261,Pit,Termarr(round/1/2022/MLB/draft),Johnson,,4.25,,,,,,,,4,6,16,-14,-20,-48
1476,689172,SF,Brett,Wisely,,4.25,,,,,,,,4,6,16,-14,-20,-48
1477,669364,Mia,Xavier,Edwards,,4.25,,,,,,,,-8,-4,-7,18,11,16
1478,663586,Atl,Austin,Riley,,,2.63,,,,,,,-3,-5,-7,8,14,18
1479,592518,SD,Manny,Machado,,,2.64,,,,,,,4,-2,2,-11,6,-5
1480,664761,Phi,Alec,Bohm,,,2.6,,,,,,,-12,-16,-27,28,36,63
1481,571448,StL,Nolan,Arenado,,,2.73,,,,,,,-1,-2,-12,2,6,36
1482,641857,Col,Ryan,McMahon,,,2.73,,,,,,,6,6,24,-17,-17,-69
1483,663647,Pit,Ke'Bryan,Hayes,,,2.74,,,,,,,-6,-8,-16,15,17,37
1484,500871,NYN,Eduardo,Escobar,,,2.6,,,,,,,-10,-4,-18,23,11,42
1485,621550,ChN,Patrick,Wisdom,,,2.68,,,,,,,-6,-8,-16,13,18,39
1486,600869,Was,Jeimer,Candelario,,,2.61,,,,,,,-6,0,-6,15,0,16
1487,605119,Mil,Brian,Anderson,,,2.69,,2.08,,,,,-1,1,-7,1,-2,17
1488,605204,SF,J.D.,Davis,,,2.61,,,,,,,0,-6,-4,1,11,7
1489,656896,Ari,Emmanuel,Rivera,,,2.63,,,,,,,-6,-8,-12,12,17,27
1490,446334,Ari,Evan,Longoria,,,2.63,,,,,,,-9,-12,-19,19,25,40
1491,545121,Was,Ildemaro,Vargas,,,2.68,,,,,,,-4,0,-6,10,0,13
1492,660707,Col,Elehuris,Montero,,,2.64,,,,,,,-5,-7,-15,11,16,32
1493,681584,SF,David,Villar,,,2.66,,,,,,,-7,-9,-19,15,20,42
1494,670712,Mil,Mike,Brosseau,,,2.66,,,,,,,-7,-11,-15,13,18,26
1495,668715,Cin,Spencer,Steer,,,2.65,,,,,,,-6,-8,-15,13,19,36
1496,677954,Mia,Jordan,Groshans,,,2.65,,,,,,,-4,-6,-11,9,15,25
1497,678246,LAD,MiguelAntonio,Vargas,,,2.65,,,,,,,-3,-5,-10,7,10,23
1498,683146,NYN,Brett,Baty,,,2.65,,,,,,,5,7,17,-15,-22,-53
1499,668901,NYN,Mark,Vientos,,,2.65,,,,,,,-4,-8,-13,9,17,28
1500,660634,LAD,Yonny,Hernandez,,,2.65,,,,,,,-5,0,-3,11,1,8
1501,666198,Was,Carter,Kieboom,,,2.65,,,,,,,-1,-6,-8,2,12,17
1502,701649,ChN,James,Triantos,,,2.65,,,,,,,-4,-6,-11,8,14,24
1503,687952,Cin,Christian,Encarnacion-Strand,,,2.65,,,,,,,-4,-6,-11,8,14,24
1504,702253,Cin,Cam(round/1/2022/MLB/draft),Collier,,,2.65,,,,,,,4,6,16,-14,-20,-48
1505,701398,Cin,Sal(round/1A/2022/MLB/draft),Stewart,,,2.65,,,,,,,-4,-6,-11,8,14,24
1506,669707,Pit,Jared,Triolo,,,2.65,,,,,,,-4,-6,-11,8,14,24
1507,691023,StL,Jordan,Walker,,,2.65,,,,,,,-4,-6,-11,8,14,24
1508,669477,SF,Casey,Schmitt,,,2.65,,,,,,,-4,-6,-11,8,14,24
1509,679734,Col,Julio,Carreras,,,2.65,,,,,,,-4,-6,-11,8,14,24
1510,694351,Mia,Jacob(round/1/2022/MLB/draft),Berry,,,2.65,,,,,,,-8,-4,-7,18,11,16
1511,691021,Ari,A.J.,Vukovich,,,2.65,,,,,,,-4,-6,-11,8,14,24
1512,691277,Ari,Deyvison,DeLosSantos,,,2.65,,,,,,,-4,-6,-11,8,14,24
1513,607208,Phi,Trea,Turner,,,,4.79,,,,,,-6,-7,-25,15,18,63
1514,596019,NYN,Francisco,Lindor,,,,4.78,,,,,,-5,-1,-4,12,2,10
1515,621020,ChN,Dansby,Swanson,,,,4.8,,,,,,-3,-6,-8,7,15,21
1516,669242,StL,Tommy,Edman,,4.32,,4.77,,,,,,-5,-2,-16,13,6,43
1517,593428,SD,Xander,Bogaerts,,,,4.75,,,,,,-6,-12,-9,13,27,21
1518,642715,Mil,Willy,Adames,,,,4.81,,,,,,1,-2,2,-3,5,-5
1519,673490,SD,Ha-seong,Kim,,,2.7,4.81,,,,,,-5,-11,-10,12,23,22
1520,642731,SF,Thairo,Estrada,,4.27,,4.73,,,,,,-4,-7,-14,9,16,31
1521,663538,ChN,Nico,Hoerner,,,,4.73,,,,,,-2,-4,-6,4,9,15
1522,500743,LAD,Miguel,Rojas,,,,4.84,,,,,,-5,-9,-13,13,22,31
1523,672695,Ari,Geraldo,Perdomo,,,,4.72,,,,,,-11,-6,-4,25,15,10
1524,649966,Mil,Luis,Urias,,4.25,2.67,4.73,,,,,,-4,-3,-7,10,8,18
1525,681082,Phi,Bryson,Stott,,4.25,,4.73,,,,,,1,2,8,-4,-5,-24
1526,543063,SF,Brandon,Crawford,,,,4.76,,,,,,6,10,16,-18,-29,-46
1527,671277,Was,Luis,Garcia(Was),,4.25,,4.71,,,,,,3,6,15,-10,-18,-43
1528,621563,Mia,Joey,Wendle,,4.24,2.7,4.73,,,,,,9,6,19,-27,-20,-61
1529,665833,Pit,Oneil,Cruz,,,,4.74,,,,,,11,12,25,-30,-35,-73
1530,621028,Cin,Kevin,Newman,,4.26,,4.77,,,,,,-7,-9,-14,16,19,31
1531,682928,Was,CJ,Abrams,,,,4.78,,,,,,10,13,23,-29,-38,-66
1532,660636,Ari,DiegoA.,Castillo(Ari),,4.25,,4.73,2.09,,,,,-6,-6,-25,11,12,47
1533,608703,Cin,MattW.,Reynolds,,4.25,,4.75,,,,,,-1,-6,-7,1,13,16
1534,657557,StL,Paul,DeJong,,,,4.83,,,,,,-2,-4,-4,4,10,11
1535,624641,Phi,Edmundo,Sosa,,,2.7,4.79,,,,,,1,-1,-11,-1,2,25
1536,676480,Cin,Jose(Garcia),Barrero,,,,4.76,,,,,,-4,-7,-14,9,15,31
1537,676701,Col,Alan,Trejo,,,,4.73,,,,,,-1,-5,-6,3,11,14
1538,664901,NYN,Danny,Mendick,,,,4.75,,,,,,-4,-5,-8,9,11,16
1539,605113,Ari,Nick,Ahmed,,,,4.75,,,,,,-4,-6,-19,9,14,42
1540,669023,Was,Jeter,Downs,,,,4.75,,,,,,-4,-6,-9,8,14,20
1541,678662,Col,Ezequiel,Tovar,,,,4.75,,,,,,-5,-7,-15,12,16,34
1542,676946,SD,Matthew,Batten,,,,4.75,,,,,,-4,-6,-11,9,14,25
1543,678894,Pit,Liover,Peguero,,,,4.75,,,,,,-4,-6,-11,9,14,25
1544,665487,SD,Fernando,Tatis,,,,4.71,2.1,,,,,-2,-4,-3,6,11,7
1545,668930,Mil,Brice,Turang,,,,4.75,,,,,,4,6,16,-14,-20,-48
1546,687521,Mil,Eric(round/1/2022/MLB/draft),Brown,,,,4.75,,,,,,-4,-6,-11,8,14,24
1547,669699,Atl,Braden,Shewmake,,,,4.75,,,,,,4,6,16,-14,-20,-48
1548,694222,Atl,Ambioris,Tavarez,,,,4.75,,,,,,-4,-6,-11,8,14,24
1549,698902,Atl,Diego,Benitez,,,,4.75,,,,,,-4,-6,-11,8,14,24
1550,694183,ChN,Cristian,Hernandez,,,,4.75,,,,,,-4,-6,-11,8,14,24
1551,682622,Cin,Noelvi,Marte,,,,4.75,,,,,,-4,-6,-11,8,14,24
1552,695490,Cin,Edwin,Arroyo,,,,4.75,,,,,,-8,-4,-7,18,11,16
1553,682829,Cin,Elly,DeLaCruz,,,,4.75,,,,,,-8,-4,-7,18,11,16
1554,680574,Cin,Matt,McLain,,,,4.75,,,,,,-4,-6,-11,8,14,24
1555,678760,LAD,Eddys,Leonard,,,,4.75,,,,,,-4,-6,-11,8,14,24
1556,671276,Was,Yasel,Antuna,,,,4.75,,,,,,-8,-4,-7,18,11,16
1557,694182,Was,Armando,Cruz,,,,4.75,,,,,,-4,-6,-11,8,14,24
1558,691781,Was,Brady,House,,,,4.75,,,,,,-4,-6,-11,8,14,24
1559,677595,NYN,Ronny,Mauricio,,,,4.75,,,,,,-8,-4,-7,18,11,16
1560,702518,NYN,Jett(round/1/2022/MLB/draft),Williams,,,,4.75,,,,,,-4,-6,-11,8,14,24
1561,701678,Phi,HaoYu,Lee,,,,4.75,,,,,,-4,-6,-11,8,14,24
1562,691026,StL,Masyn,Winn,,,,4.75,,,,,,-4,-6,-11,8,14,24
1563,701538,SD,Jackson,Merrill,,,,4.75,,,,,,4,6,16,-14,-20,-48
1564,682617,SF,Marco,Luciano,,,,4.75,,,,,,-4,-6,-11,8,14,24
1565,692348,SF,Aeverson,Arteaga,,,,4.75,,,,,,-4,-6,-11,8,14,24
1566,691182,Col,Adael,Amador,,,,4.75,,,,,,-8,-4,-7,18,11,16
1567,682653,Col,Warming,Bernabel,,,,4.75,,,,,,-4,-6,-11,8,14,24
1568,676070,Mia,Jacob,Amaya,,,,4.75,,,,,,-4,-6,-11,8,14,24
1569,696135,Mia,Kahlil,Watson,,,,4.75,,,,,,4,6,16,-14,-20,-48
1570,691268,Mia,Yiddi,Cappe,,,,4.75,,,,,,-4,-6,-11,8,14,24
1571,691783,Ari,Jordan,Lawlar,,,,4.75,,,,,,-4,-6,-11,8,14,24
1572,677942,Ari,Blaze,Alexander,,,,4.75,,,,,,-4,-6,-11,8,14,24
1573,592885,Mil,Christian,Yelich,,,,,2.11,,,,,6,10,15,-16,-28,-42
1574,656941,Phi,Kyle,Schwarber,,,,,2,,,,,6,5,32,-15,-13,-81
1575,607043,NYN,Brandon,Nimmo,,,,,2.16,,,,,2,2,12,-6,-6,-31
1576,665742,SD,Juan,Soto,,,,,2.1,,,,,9,13,24,-20,-31,-55
1577,664023,ChN,Ian,Happ,,,,,2.12,,,,,-5,-1,3,15,2,-8
1578,605141,LAD,Mookie,Betts,,,,,2.14,,,,,-5,-8,-11,13,19,28
1579,502054,NYN,Tommy,Pham,,,,,2.05,,,,,-3,-7,-9,8,17,23
1580,668804,Pit,Bryan,Reynolds,,,,,2.15,,,,,-7,-5,-1,18,13,2
1581,641820,ChN,Trey,Mancini,1.83,,,,2.03,,,,,-6,-7,-15,12,14,31
1582,457705,Pit,Andrew,McCutchen,,,,,2.04,,,,,-8,-9,-29,17,21,65
1583,453568,Col,Charlie,Blackmon,,,,,2.04,,,,,-2,-1,12,7,4,-35
1584,592206,Phi,Nick,Castellanos,,,,,2.02,,,,,-4,-5,-6,9,12,15
1585,573262,SF,Mike,Yastrzemski,,,,,2.14,,,,,9,11,27,-27,-36,-82
1586,641355,ChN,Cody,Bellinger,,,,,2.16,,,,,6,8,22,-16,-22,-63
1587,608385,Mil,Jesse,Winker,,,,,2.02,,,,,9,9,20,-27,-28,-60
1588,657041,Was,Lane,Thomas,,,,,2.12,,,,,-10,-13,-20,22,26,43
1589,592192,NYN,Mark,Canha,,,,,2.07,,,,,1,0,-7,-3,0,14
1590,545341,Col,Randal,Grichuk,,,,,2.1,,,,,-8,-9,-25,18,20,57
1591,660670,Atl,Ronald,Acuna,,,,,2.07,,,,,0,-5,-2,0,13,7
1592,663757,SD,Trent(Clark),Grisham,,,,,2.22,,,,,0,3,5,-1,-9,-16
1593,516782,NYN,Starling,Marte,,,,,2.09,,,,,0,-2,-7,0,5,16
1594,542303,Atl,Marcell,Ozuna,,,,,2.07,,,,,1,-1,9,-1,4,-22
1595,666971,Ari,Lourdes,Gurriel,,,,,2.05,,,,,0,0,-3,0,1,7
1596,666185,StL,Dylan,Carlson,,,,,2.12,,,,,-15,-11,-17,38,28,44
1597,656582,Pit,Connor,Joe,1.85,,,,2.08,,,,,-5,-7,-13,12,14,29
1598,669016,Phi,Brandon,Marsh,,,,,2.15,,,,,6,9,23,-19,-28,-69
1599,673548,ChN,Seiya,Suzuki,,,,,2.09,,,,,-3,-8,-12,8,18,28
1600,671739,Atl,Michael,Harris,,,,,2.19,,,,,8,10,25,-24,-28,-71
1601,592626,SF,Joc,Pederson,,,,,2.01,,,,,3,3,18,-9,-10,-63
1602,669222,Cin,Nick,Senzel,,,,,2.14,,,,,-5,-4,-10,11,10,23
1603,677950,Ari,Alek,Thomas,,,,,2.19,,,,,6,8,19,-18,-24,-59
1604,602074,Col,Yonathan,Daza,,,,,2.13,,,,,-8,-8,-15,17,16,31
1605,621438,Mil,Tyrone,Taylor,,,,,2.14,,,,,-5,-6,-9,11,12,20
1606,645302,Was,Victor,Robles,,,,,2.2,,,,,-7,-11,-12,15,24,28
1607,573131,NYN,Darin,Ruf,1.84,,,,2.03,,,,,-5,-10,-25,9,18,47
1608,541645,Mia,Avisail,Garcia,,,,,2.09,,,,,-3,-10,-10,9,27,26
1609,641933,StL,Tyler,O'Neill,,,,,2.1,,,,,-3,-7,-8,8,19,23
1610,669261,Pit,Jack,Suwinski,,,,,2.11,,,,,10,12,22,-30,-34,-65
1611,650559,Mia,Bryan,DeLaCruz,,,,,2.1,,,,,0,-4,0,-1,9,-1
1612,664983,Ari,Jake,McCarthy,,,,,2.1,,,,,4,7,12,-11,-20,-35
1613,670768,SF,Luis,Gonzalez,,,,,2.08,,,,,7,9,21,-20,-27,-62
1614,660821,Mia,Jesus,Sanchez,,,,,2.13,,,,,5,9,20,-16,-28,-61
1615,663457,StL,Lars,Nootbaar,,,,,2.11,,,,,1,2,10,-3,-6,-33
1616,596103,SF,Austin,Slater,,,,,2.12,,,,,-11,-16,-28,18,25,45
1617,624585,Mia,Jorge,Soler,,,,,2.03,,,,,-3,-5,-19,7,13,46
1618,572816,Was,Corey,Dickerson,,,,,2.05,,,,,8,7,17,-31,-28,-66
1619,571976,Cin,Wil,Myers,1.85,,,,2.08,,,,,-4,-8,-14,9,19,32
1620,656976,Ari,Pavin,Smith,,,,,2.1,,,,,5,7,21,-15,-22,-62
1621,660766,StL,Juan,Yepez,,,,,2.05,,,,,-3,-6,-6,7,14,15
1622,592696,Atl,Eddie,Rosario,,,,,2.07,,,,,3,4,16,-9,-14,-51
1623,641553,SD,Adam,Engel,,,,,2.11,,,,,4,1,-1,-9,-3,2
1624,572204,LAD,Trayce,Thompson,,,,,2.1,,,,,0,-1,-6,-1,3,14
1625,670770,Cin,TJ,Friedl,,,,,2.11,,,,,2,3,10,-7,-11,-35
1626,664774,SF,LaMonte,Wade,1.84,,,,2.06,,,,,8,10,24,-30,-39,-92
1627,571745,SF,Mitch,Haniger,,,,,2.07,,,,,-7,-10,-18,15,23,41
1628,641584,Cin,Jake,Fraley,,,,,2.09,,,,,9,10,25,-27,-31,-80
1629,608841,Was,Joey,Meneses,1.84,,,,2.06,,,,,-6,-7,-17,14,17,38
1630,668709,Oak,JJ,Bleday,,,,,2.13,,,,,4,9,14,-11,-28,-44
1631,656669,Atl,Jordan,Luplow,,,,,2.1,,,,,4,-4,-7,-7,7,13
1632,668751,Pit,Cal,Mitchell,,,,,2.07,,,,,3,7,10,-9,-21,-30
1633,640492,SD,Jose,Azocar,,,,,2.12,,,,,-2,-3,-8,5,5,17
1634,676369,ChN,Nelson,Velazquez,,,,,2.11,,,,,-2,-6,-14,5,14,31
1635,656541,Atl,Sam,Hilliard,,,,,2.11,,,,,3,6,10,-9,-19,-32
1636,592178,Col,Kris,Bryant,,,,,2.08,,,,,-6,-7,-17,14,17,40
1637,595909,Phi,Jake,Cave,,,,,2.1,,,,,4,8,18,-13,-25,-56
1638,572761,SD,Matt,Carpenter,,,,,2.06,,,,,3,5,8,-9,-17,-29
1639,609280,Pit,Miguel,Andujar,,,,,2.07,,,,,-2,-4,-6,5,8,13
1640,669743,Was,Alex,Call,,,,,2.09,,,,,-2,-4,-5,4,9,12
1641,642201,Atl,Eli,White,,,,,2.11,,,,,1,-4,0,-2,8,-1
1642,682998,Ari,Corbin,Carroll,,,,,2.1,,,,,6,8,18,-19,-26,-55
1643,656413,Cin,Stuart,Fairchild,,,,,2.12,,,,,-3,-6,-11,7,12,25
1644,680814,Mia,Peyton,Burdick,,,,,2.11,,,,,-4,-7,-12,10,15,28
1645,656248,Col,Sean,Bouchard,,,,,2.08,,,,,-1,-1,-8,3,3,18
1646,669256,Cin,Nick,Solak,,,,,2.09,,,,,-6,-8,-12,13,17,27
1647,666134,Col,Nolan,Jones,,,,,2.08,,,,,5,7,16,-17,-23,-52
1648,666464,Mia,Jerar,Encarnacion,,,,,2.07,,,,,-3,-6,-8,7,13,17
1649,656448,Was,Stone,Garrett,,,,,2.08,,,,,-6,-7,-14,12,14,31
1650,669003,Mil,Garrett,Mitchell,,,,,2.15,,,,,4,6,15,-13,-20,-49
1651,641786,Ari,Kyle,Lewis,,,,,2.1,,,,,-4,-4,-7,10,9,17
1652,676475,StL,Alec,Burleson,,,,,2.07,,,,,3,5,14,-11,-18,-44
1653,656495,Phi,Dalton,Guthrie,,,,,2.07,,,,,-4,-7,-9,9,15,21
1654,672279,Cin,Michael,Siani,,,,,2.13,,,,,4,5,14,-12,-17,-44
1655,671218,SF,Heliot,Ramos,,,,,2.07,,,,,-3,-6,-8,6,12,18
1656,681546,LAD,James,Outman,,,,,2.07,,,,,5,7,17,-16,-21,-53
1657,680552,Pit,Travis,Swaggerty,,,,,2.1,,,,,5,7,16,-14,-21,-49
1658,665922,Phi,Simon,Muzziotti,,,,,2.1,,,,,4,6,15,-13,-19,-47
1659,675986,Pit,Canaan,Smith-Njigba,,,,,2.1,,,,,4,6,16,-13,-20,-48
1660,666137,NYN,Khalil,Lee,,,,,2.1,,,,,5,6,16,-14,-20,-51
1661,624424,SF,Michael,Conforto,,,,,2.07,,,,,6,6,25,-17,-18,-73
1662,668723,Pit,Ryan,Vilade,,,,,2.1,,,,,-3,-5,-9,6,12,20
1663,686217,Mil,Sal,Frelick,,,,,2.1,,,,,4,6,16,-14,-20,-48
1664,686894,Mil,Joey,Wiemer,,,,,2.1,,,,,-4,-6,-11,8,14,24
1665,694192,Mil,Jackson,Chourio,,,,,2.1,,,,,-4,-6,-11,8,14,24
1666,675966,Atl,Jesse,Franklin,,,,,2.1,,,,,4,6,16,-14,-20,-48
1667,682634,ChN,Kevin,Alcantara,,,,,2.1,,,,,-4,-6,-11,8,14,24
1668,680695,ChN,Brennen,Davis,,,,,2.1,,,,,-4,-6,-11,8,14,24
1669,683357,ChN,Owen,Caissie,,,,,2.1,,,,,4,6,16,-14,-20,-48
1670,691718,ChN,Pete,Crow-Armstrong,,,,,2.1,,,,,4,6,16,-14,-20,-48
1671,672744,ChN,Alexander,Canario,,,,,2.1,,,,,-4,-6,-11,8,14,24
1672,695481,Cin,Jay,Allen,,,,,2.1,,,,,-4,-6,-11,8,14,24
1673,681624,LAD,Andy,Pages,,,,,2.1,,,,,-4,-6,-11,8,14,24
1674,682947,LAD,Jose,Ramos,,,,,2.1,,,,,-4,-6,-11,8,14,24
1675,800543,LAD,Josue,DePaula,,,,,2.1,,,,,4,6,16,-14,-20,-48
1676,676356,LAD,Jonny,Deluca,,,,,2.1,,,,,-4,-6,-11,8,14,24
1677,682707,Was,Jeremy,DeLaRosa,,,,,2.1,,,,,4,6,16,-14,-20,-48
1678,703143,Was,Cristhian,Vaquero,,,,,2.1,,,,,-8,-4,-7,18,11,16
1679,690987,Was,Robert,Hassell,,,,,2.1,,,,,4,6,16,-14,-20,-48
1680,695578,Was,James,Wood,,,,,2.1,,,,,4,6,16,-14,-20,-48
1681,701327,Was,Elijah(round/1/2022/MLB/draft),Green,,,,,2.1,,,,,-4,-6,-11,8,14,24
1682,691267,NYN,Alex,Ramirez(NYN),,,,,2.1,,,,,-4,-6,-11,8,14,24
1683,691331,NYN,Luis,DeLaCruz,,,,,2.1,,,,,4,6,16,-14,-20,-48
1684,665560,Phi,Jhailyn,Ortiz,,,,,2.1,,,,,-4,-6,-11,8,14,24
1685,679032,Phi,Johan,Rojas,,,,,2.1,,,,,-4,-6,-11,8,14,24
1686,681159,Phi,Ethan,Wilson,,,,,2.1,,,,,4,6,16,-14,-20,-48
1687,701833,Phi,Jordan,Viars,,,,,2.1,,,,,4,6,16,-14,-20,-48
1688,702222,Phi,Justin(round/1/2022/MLB/draft),Crawford,,,,,2.1,,,,,4,6,16,-14,-20,-48
1689,687282,Phi,Gabriel(round/3/2022/MLB/draft),Rincones,,,,,2.1,,,,,4,6,16,-14,-20,-48
1690,696145,Pit,Lonnie,White,,,,,2.1,,,,,-4,-6,-11,8,14,24
1691,695491,StL,Joshua,Baez,,,,,2.1,,,,,-4,-6,-11,8,14,24
1692,656001,StL,Moises,Gomez,,,,,2.1,,,,,-4,-6,-11,8,14,24
1693,687084,SD,Joshua,Mears,,,,,2.1,,,,,-4,-6,-11,8,14,24
1694,694214,SD,Samuel,Zavala,,,,,2.1,,,,,4,6,16,-14,-20,-48
1695,682641,SF,Luis,Matos,,,,,2.1,,,,,-4,-6,-11,8,14,24
1696,682646,SF,Jairo,Pomares,,,,,2.1,,,,,4,6,16,-14,-20,-48
1697,673901,SF,Vaun,Brown,,,,,2.1,,,,,-4,-6,-11,8,14,24
1698,687529,SF,Grant,McCray,,,,,2.1,,,,,4,6,16,-14,-20,-48
1699,691728,Col,Zac,Veen,,,,,2.1,,,,,4,6,16,-14,-20,-48
1700,686668,Col,Brenton,Doyle,,,,,2.1,,,,,-4,-6,-11,8,14,24
1701,695603,Col,Benny,Montgomery,,,,,2.1,,,,,-4,-6,-11,8,14,24
1702,694514,Col,Sterlin(round/1A/2022/MLB/draft),Thompson,,,,,2.1,,,,,4,6,16,-14,-20,-48
1703,687597,Col,Jordan(round/1C/2022/MLB/draft),Beck,,,,,2.1,,,,,-4,-6,-11,8,14,24
1704,692585,Col,Yanquiel,Fernandez,,,,,2.1,,,,,4,6,16,-14,-20,-48
1705,683748,Mia,JuniorVictor,Mesa,,,,,2.1,,,,,-8,-4,-7,18,11,16
1706,805103,Mia,Jose,Gerardo,,,,,2.1,,,,,-4,-6,-11,8,14,24
1707,666150,Ari,Dominic,Fletcher,,,,,2.1,,,,,4,6,16,-14,-20,-48
1708,702258,Ari,Druw(round/1/2022/MLB/draft),Jones,,,,,2.1,,,,,-4,-6,-11,8,14,24
1709,678489,Ari,Jorge,Barrosa,,,,,2.1,,,,,-8,-4,-7,18,11,16
1710,502110,LAD,J.D.,Martinez,,,,,,,,,,-5,-8,-13,11,18,31
1711,443558,SD,Nelson,Cruz,,,,,,,,,,-9,-10,-15,19,22,33
1712,596129,NYN,Daniel,Vogelbach,,,,,,,,,,10,13,28,-34,-49,-96
1713,547180,Phi,Bryce(out/until/July?),Harper,,,,,,,,,,9,7,33,-23,-19,-87
1714,621111,LAD,Walker(out/2023),Buehler,,,,,,,,,,,,,,,
1715,661269,Cin,Vladimir(out/until/8-23?),Gutierrez,,,,,,,,,,,,,,,
1716,676974,Mia,Max(out/until/8-23?),Meyer,,,,,,,,,,,,,,,
1717,592426,SF,Luke(out/until/6-23?),Jackson,,,,,,,,,,,,,,,
1719,682990,Pit,Quinn,Priester,,,,,,,,,,,,,,,
1720,608648,ChN,Tyler,Duffey,,,,,,,,,,,,,,,
1721,693310,ChN,Burl,Carraway,,,,,,,,,,,,,,,
1722,677565,Ari,Kristian,Robinson,,,,,2.1,,,,,-4,-6,-11,8,14,24
1723,664337,SF,Miguel,Yajure,,,,,,,,,,,,,,,
1724,693308,LAD,Nick,Frasso,,,,,,,,,,,,,,,
1725,663911,Cin,Nick,Plummer,,,,,2.07,,,,,6,7,19,-17,-22,-57
1726,572228,Mil,Luke,Voit,1.81,,,,,,,,,2,-4,7,-4,9,-16
1727,695534,Cin,Chase,Petty,,,,,,,,,,,,,,,
1728,545333,-,Trevor,Bauer,,,,,,,,,,,,,,,
1729,621458,ChN,Edwin,Rios,,,2.63,,,,,,,5,8,14,-16,-25,-44
1730,595777,-,Jurickson,Profar,,,,,2.09,,,,,-3,-1,0,7,4,-1
1731,621052,LAD,Alex,Reyes,,,,,,,,,,,,,,,
1732,686527,Ari,Dominic,Canzone,,,,,2.1,,,,,4,6,16,-14,-20,-48
1733,671288,SF,Seth,Corry,,,,,,,,,,,,,,,
1734,699115,Cin,Carlos,Jorge,,4.25,,,,,,,,-4,-6,-11,8,14,24
1735,656420,LAD,J.P.(out/until/8-23?),Feyereisen,,,,,,,,,,,,,,,
1736,660623,Atl,Huascar(out/2023),Ynoa,,,,,,,,,,,,,,,
1737,668820,Pit,Max(out/until/9-23?),Kranick,,,,,,,,,,,,,,,
1738,669157,Mil,Tristen,Lutz,,,,,2.1,,,,,-4,-6,-11,8,14,24
1739,669371,Was,Cole,Henry,,,,,,,,,,,,,,,
1740,681673,ChN,Kohl,Franklin,,,,,,,,,,,,,,,
1741,677956,Cin,Rece,Hinds,,,,,2.1,,,,,-4,-6,-11,8,14,24
1742,688107,Mil,Robert,Gasser,,,,,,,,,,,,,,,
1743,669336,Mil,Joe,Gray,,,,,2.1,,,,,-4,-6,-11,8,14,24
1744,682210,LAD,Kody,Hoese,,,2.65,,,,,,,-4,-6,-11,8,14,24
1746,641658,Mia,Garrett,Hampson,,,,4.74,2.14,,,,,-10,-14,-24,23,31,53
1747,703150,Cin,Ricardo,Cabrera,,,,4.75,,,,,,-4,-6,-11,8,14,24
1748,605452,SF,Joe(out/until/July/2023?),Ross,,,,,,,,,,,,,,,
1749,543281,Phi,Josh,Harrison,,4.22,2.66,,,,,,,-3,-5,-6,8,11,16
1750,547379,SF,Roberto,Perez(SF),,,,,,0.49,0.16,0.5,0.16,-4,-6,-11,8,14,24
1751,444482,LAD,David,Peralta,,,,,2.1,,,,,6,7,16,-22,-27,-58
1752,518792,LAD,Jason,Heyward,,,,,2.11,,,,,2,4,13,-5,-14,-41
1753,690988,Cin,Austin,Hendrick,,,,,2.1,,,,,4,6,16,-14,-20,-48
1754,605242,ChN,Michael,Fulmer,,,,,,,,,,,,,,,
1755,605177,Ari,Andrew,Chafin,,,,,,,,,,,,,,,
1756,691262,ChN,Reginald,Preciado,,,,4.75,,,,,,-8,-4,-7,18,11,16
1757,703199,ChN,Adan,Sanchez,,,,,,0.49,0.16,0.5,0.16,-4,-6,-11,8,14,24
1758,682818,ChN,Yohendrick,Pinango,,,,,2.1,,,,,4,6,16,-14,-20,-48
1759,703144,SF,Ryan,Reckley,,,,4.75,,,,,,-8,-4,-7,18,11,16
1760,666622,ChN,Brailyn,Marquez,,,,,,,,,,,,,,,
1761,676831,StL,Kodi,Whitley,,,,,,,,,,,,,,,
1762,691616,Mil,Hedbert,Perez,,,,,2.1,,,,,4,6,16,-14,-20,-48
1763,696100,Col,Hunter,Goodman,,,,,,0.49,0.16,0.5,0.16,-4,-6,-11,8,14,24
1764,694885,SF,Ryan,Murphy,,,,,,,,,,,,,,,
1765,666164,Was,Blake,Rutherford,,,,,2.1,,,,,4,6,16,-14,-20,-48
1766,642727,ChN,Sergio,Alcantara,,4.25,2.67,4.77,,,,,,-2,0,3,5,1,-6
1767,600474,SD,Pedro,Severino,,,,,,0.41,0.14,0.41,0.14,-8,-10,-19,17,20,38
1768,663941,SF,Tristan,Beck,,,,,,,,,,,,,,,
1769,594311,Ari,Jandel,Gustave,,,,,,,,,,,,,,,
1770,693013,NYN,Robert,Dominguez,,,,,,,,,,,,,,,
1771,666183,SF,Hunter,Bishop,,,,,2.1,,,,,4,6,16,-14,-20,-48
1772,668845,Col,Aaron,Schunk,,,2.65,,,,,,,-4,-6,-11,8,14,24
1773,613534,Ari,AustinL.,Adams(Ari),,,,,,,,,,,,,,,
1774,666783,LAD,Yusniel,Diaz,,,,,2.1,,,,,-4,-6,-11,9,14,25
1775,668663,StL,Tres,Barrera,,,,,,0.54,0.14,0.55,0.14,-3,-6,-14,7,14,30
1776,676464,SF,Nick,Swiney,,,,,,,,,,,,,,,
1777,656457,Ari,Tyler,Gilbert,,,,,,,,,,,,,,,
1778,806956,SD,Ethan,Salas,,,,,,0.49,0.16,0.5,0.16,-8,-4,-7,18,11,16
1779,608379,SD,Michael,Wacha,,,,,,,,,,,,,,,
1780,430935,SD,Cole,Hamels,,,,,,,,,,,,,,,
1781,595014,LAD,Blake(out/2023),Treinen,,,,,,,,,,,,,,,
1782,519076,LAD,Jimmy,Nelson,,,,,,,,,,,,,,,
1783,519326,Cin,Hunter,Strickland,,,,,,,,,,,,,,,
1784,679977,Phi,Noah,Song,,,,,,,,,,,,,,,
1785,671212,Cin,Joe,Boyle,,,,,,,,,,,,,,,
1786,676733,Pit,Mason,Martin,1.85,,,,,,,,,4,6,16,-14,-20,-48
1787,578428,-,Jose,Iglesias,,,,4.68,,,,,,-5,-7,-16,12,15,35
1789,458677,Mil,Justin(out/until/7-23?),Wilson,,,,,,,,,,,,,,,
1790,571980,Mil,Tyler,Naquin,,,,,2.09,,,,,8,8,23,-28,-30,-82
1791,690992,ChN,Ed,Howard,,,,4.75,,,,,,-4,-6,-11,8,14,24
1792,642068,Col,Jordan,Sheffield,,,,,,,,,,,,,,,
1793,694392,SF,Matt,Mikulski,,,,,,,,,,,,,,,
1794,683582,SF,Rayner,Santana,,,,,,0.49,0.16,0.5,0.16,-4,-6,-11,8,14,24
1795,543272,Col,Brad,Hand,,,,,,,,,,,,,,,
1796,676720,Was,Tommy,Romero,,,,,,,,,,,,,,,
1797,673231,Pit,Tahnaj,Thomas,,,,,,,,,,,,,,,
1798,669717,SF,Will,Wilson,,,,4.75,,,,,,-4,-6,-11,8,14,24
1799,672701,Mia,Jose,Devers,,4.25,,,,,,,,5,6,15,-15,-19,-46
1800,641999,Mil,Corey,Ray,,,,,2.1,,,,,4,6,15,-13,-20,-47
5001,675657,Col,Chris,McMahon,,,,,,,,,,,,,,,
5002,669387,Pit,Carmen,Mlodzinski,,,,,,,,,,,,,,,
5003,675989,Pit,Cody,Bolton,,,,,,,,,,,,,,,
5004,683425,LAD,Hyun-il,Choi,,,,,,,,,,,,,,,
5005,694180,LAD,Wilman,Diaz,,,,4.75,,,,,,-4,-6,-11,8,14,24
5006,679741,Ari,Wilderd,Patino,,,,,2.1,,,,,-4,-6,-11,8,14,24
5007,668965,Mil,Freddy,Zamora,,,,4.75,,,,,,-4,-6,-11,8,14,24
5008,686218,LAD,Emmet,Sheehan,,,,,,,,,,,,,,,
5009,682630,Ari,Alvin,Guzman,,,,,2.1,,,,,-4,-6,-11,8,14,24
5010,665052,Mia,Griffin,Conine,,,,,2.1,,,,,4,6,16,-14,-20,-48
5012,571446,Phi,Mark,Appel,,,,,,,,,,,,,,,
5014,657193,Mil,Eddy,Alvarez,,,,4.75,,,,,,6,7,17,-18,-22,-51
5015,656548,ChN,Jordan,Holloway,,,,,,,,,,,,,,,
5016,691177,LAD,Luis,Rodriguez,,,,,2.1,,,,,-4,-6,-11,8,14,24
5017,668664,ChN,Chase,Strumpf,,4.25,,,,,,,,-4,-6,-11,8,14,24
5018,678868,Pit,Eddy,Yean,,,,,,,,,,,,,,,
5020,663330,LAD,Jahmai,Jones,,4.25,,,,,,,,-2,-6,-9,5,13,21
5022,691180,ChN,Ronnier,Quintero,,,,,,0.49,0.16,0.5,0.16,4,6,16,-14,-20,-48
5023,669379,Was,Mason,Denaburg,,,,,,,,,,,,,,,
5024,666213,SF,Colton,Welker,,,2.65,,,,,,,-2,-5,-9,5,12,20
5025,673516,Mia,VictorVictor,Mesa,,,,,2.1,,,,,-4,-6,-11,8,14,24
5027,665751,LAD,Yadier,Alvarez,,,,,,,,,,,,,,,
5028,686826,Ari,Bryce,Jarvis,,,,,,,,,,,,,,,
5029,642211,Phi,Justin,Williams,,,,,2.1,,,,,3,4,14,-11,-15,-46
5030,663609,StL,Luken,Baker,1.85,,,,,,,,,-4,-6,-11,8,14,24
5031,680756,Cin,Matheu,Nelson,,,,,,0.49,0.16,0.5,0.16,-4,-6,-11,8,14,24
5032,596057,Cin,Daniel,Norris,,,,,,,,,,,,,,,
5033,682766,Phi,Alexeis,Azuaje,,4.25,,,,,,,,-4,-6,-11,8,14,24
5034,663734,ChN,Nick,Neidert,,,,,,,,,,,,,,,
5035,676051,ChN,Codi(out/until/6-23?),Heuer,,,,,,,,,,,,,,,
5036,656308,Was,Michael,Chavis,1.86,,,,,,,,,-5,-6,-18,9,11,35
5037,605612,Col,Harold,Castro,1.85,,2.64,,,,,,,4,5,11,-16,-18,-42
5038,685301,Pit,Matt,Gorski,,,,,2.1,,,,,-4,-6,-11,8,14,24
5039,689266,Atl,Dylan,Dodd,,,,,,,,,,,,,,,
5042,663531,Col,LoganS.,Allen(Col),,,,,,,,,,,,,,,
5043,645305,Ari,Ali,Sanchez,,,,,,0.49,0.16,0.5,0.16,-4,-7,-12,10,15,26
5044,676775,SF,Keaton,Winn,,,,,,,,,,,,,,,
5047,682842,Mil,Abner,Uribe,,,,,,,,,,,,,,,
5048,664119,Mia,Austin,Allen,,,,,,0.49,0.17,0.49,0.18,5,7,17,-14,-21,-51
5049,641386,Phi,Ben,Bowden,,,,,,,,,,,,,,,
5050,677354,Mia,Alex(round/11/2022/MLB/draft),Williams,,,,,,,,,,,,,,,
5051,659262,SD,Anderson,Espinoza,,,,,,,,,,,,,,,
5053,806957,Cin,Alfredo,Duno,,,,,,0.49,0.16,0.5,0.16,-4,-6,-11,8,14,24
5054,694193,Cin,Victor,Acosta,,,,4.75,,,,,,-8,-4,-7,18,11,16
5055,685005,Cin,Christian,Roa,,,,,,,,,,,,,,,
5056,677946,LAD,Ben,Harris,,,,,,,,,,,,,,,
5057,801179,Ari,Yu-Min,Lin,,,,,,,,,,,,,,,
5059,680727,Cin,Steven,Hajjar,,,,,,,,,,,,,,,
5060,687431,Pit,Hudson,Head,,,,,2.1,,,,,4,6,16,-14,-20,-48
5061,683549,Pit,Alexander,Mojica,,,2.65,,,,,,,-4,-6,-11,8,14,24
5062,669189,Ari,Levi,Kelly,,,,,,,,,,,,,,,
5063,676333,Col,Sam,Weatherly,,,,,,,,,,,,,,,
5064,669069,Phi,Cameron,Cannon,,4.25,,,,,,,,-4,-6,-11,8,14,24
5066,686445,Pit,Sammy,Siani,,,,,2.1,,,,,4,6,16,-14,-20,-48
5068,806965,Phi,Jesus,Caba,,,,4.75,,,,,,-8,-4,-7,18,11,16
5069,806994,Atl,Luis,Guanipa,,,,,2.1,,,,,-4,-6,-11,8,14,24
5070,623520,ChN,David,Bote,,4.24,,,,,,,,-2,-5,-11,4,11,25
5071,,SD,Angel,Felipe,,,,,,,,,,,,,,,
5072,596059,SD,Rougned,Odor,,4.22,,,,,,,,2,3,10,-7,-9,-30
5073,519058,Col,Mike,Moustakas,1.85,,2.63,,,,,,,7,7,22,-21,-22,-70
5074,,Was,Jake,Alu,,,2.65,,,,,,,-4,-6,-11,8,14,24
5075,469176,Mil,Carlos(Mil),Rodriguez,,,,,,,,,,,,,,,
5076,607680,Atl,Kevin,Pillar,,,,,2.1,,,,,-4,-5,-11,10,11,24
5077,658431,NYN,Adonis,Medina,,,,,,,,,,,,,,,
5078,,LAD,River,Ryan,,,,,,,,,,,,,,,
5079,445926,Atl,Jesse,Chavez,,,,,,,,,,,,,,,
5080,,SF,Evan,Gates,,,,,,,,,,,,,,,
5081,527054,SD,Julio,Teheran,,,,,,,,,,,,,,,
5082,493329,Mia,Yuli,Gurriel,1.86,,,,,,,,,-6,-8,-22,13,17,48
5083,,Mil,Hendry,Mendez,,,,,2.1,,,,,4,6,16,-14,-20,-48
